date,seoul_overseas,seoul_domestic,seoul_confirmed,seoul_iso,seoul_iso_rel,seoul_death,bs_overseas,bs_domestic,bs_confirmed,bs_iso,bs_iso_rel,bs_death,tk_overseas,tk_domestic,tk_confirmed,tk_iso,tk_iso_rel,tk_death,ic_overseas,ic_domestic,ic_confirmed,ic_iso,ic_iso_rel,ic_death,kj_overseas,kj_domestic,kj_confirmed,kj_iso,kj_iso_rel,kj_death,dj_overseas,dj_domestic,dj_confirmed,dj_iso,dj_iso_rel,dj_death,ulsan_overseas,ulsan_domestic,ulsan_confirmed,ulsan_iso,ulsan_iso_rel,ulsan_death,sj_overseas,sj_domestic,sj_confirmed,sj_iso,sj_iso_rel,sj_death,gg_overseas,gg_domestic,gg_confirmed,gg_iso,gg_iso_rel,gg_death,kw_overseas,kw_domestic,kw_confirmed,kw_iso,kw_iso_rel,kw_death,cb_overseas,cb_domestic,cb_confirmed,cb_iso,cb_iso_rel,cb_death,cn_overseas,cn_domestic,cn_confirmed,cn_iso,cn_iso_rel,cn_death,jb_overseas,jb_domestic,jb_confirmed,jb_iso,jb_iso_rel,jb_death,jn_overseas,jn_domestic,jn_confirmed,jn_iso,jn_iso_rel,jn_death,kb_overseas,kb_domestic,kb_confirmed,kb_iso,kb_iso_rel,kb_death,kn_overseas,kn_domestic,kn_confirmed,kn_iso,kn_iso_rel,kn_death,jj_overseas,jj_domestic,jj_confirmed,jj_iso,jj_iso_rel,jj_death,qs_overseas,qs_domestic,qs_confirmed,qs_iso,qs_iso_rel,qs_death
2020-03-02,0,0,0,0,0,0,0,0,0,0,0,0,0,0,0,0,0,9,0,0,0,0,0,0,0,0,0,0,0,0,0,0,0,0,0,0,0,0,0,0,0,0,0,0,0,0,0,0,0,0,0,0,0,1,0,0,0,0,0,0,0,0,0,0,0,0,0,0,0,0,0,0,0,0,0,0,0,0,0,0,0,0,0,0,0,0,0,0,0,8,0,0,0,0,0,0,0,0,0,0,0,0,0,0,0,0,0,0
2020-03-04,0,0,99,0,0,0,0,0,93,0,0,1,0,0,4006,0,0,24,0,0,9,0,0,0,0,0,13,0,0,0,0,0,15,0,0,0,0,0,23,0,0,0,0,0,1,0,0,0,0,0,101,0,0,1,0,0,21,0,0,0,0,0,11,0,0,0,0,0,82,0,0,0,0,0,7,0,0,0,0,0,5,0,0,0,0,0,774,0,0,6,0,0,65,0,0,0,0,0,3,0,0,0,0,0,0,0,0,0
2020-03-05,0,0,103,0,0,0,0,0,92,0,0,1,0,0,4327,0,0,27,0,0,9,0,0,0,0,0,14,0,0,0,0,0,16,0,0,0,0,0,23,0,0,0,0,0,1,0,0,0,0,0,110,0,0,1,0,0,23,0,0,0,0,0,12,0,0,0,0,0,86,0,0,0,0,0,7,0,0,0,0,0,4,0,0,0,0,0,861,0,0,6,0,0,74,0,0,0,0,0,4,0,0,0,0,0,0,0,0,0
2020-03-06,0,0,105,0,0,0,0,0,95,0,0,1,0,0,4694,0,0,30,0,0,9,0,0,0,0,0,13,0,0,0,0,0,18,0,0,0,0,0,23,0,0,0,0,0,1,0,0,0,0,0,120,0,0,1,0,0,25,0,0,0,0,0,15,0,0,0,0,0,90,0,0,0,0,0,7,0,0,0,0,0,4,0,0,0,0,0,984,0,0,10,0,0,77,0,0,0,0,0,4,0,0,0,0,0,0,0,0,0
2020-03-07,0,0,108,0,0,0,0,0,96,0,0,1,0,0,5084,0,0,31,0,0,9,0,0,0,0,0,13,0,0,0,0,0,18,0,0,0,0,0,23,0,0,0,0,0,2,0,0,0,0,0,130,0,0,1,0,0,26,0,0,1,0,0,20,0,0,0,0,0,92,0,0,0,0,0,7,0,0,0,0,0,4,0,0,0,0,0,1049,0,0,10,0,0,82,0,0,0,0,0,4,0,0,0,0,0,0,0,0,0
2020-03-08,0,0,120,0,0,0,0,0,97,0,0,1,0,0,5381,0,0,35,0,0,9,0,0,0,0,0,13,0,0,0,0,0,18,0,0,0,0,0,24,0,0,0,0,0,3,0,0,0,0,0,141,0,0,1,0,0,27,0,0,1,0,0,24,0,0,0,0,0,98,0,0,0,0,0,7,0,0,0,0,0,4,0,0,0,0,0,1081,0,0,12,0,0,83,0,0,0,0,0,4,0,0,0,0,0,0,0,0,0
2020-03-09,0,0,130,0,29,0,0,0,96,0,10,0,0,0,5571,0,21,35,0,0,9,0,2,0,0,0,15,0,3,0,0,0,19,0,1,0,0,0,24,0,1,0,0,0,6,0,0,0,0,0,152,0,22,1,0,0,28,0,3,1,0,0,25,0,3,0,0,0,102,0,1,0,0,0,7,0,2,0,0,0,4,0,1,0,0,0,1107,0,57,14,0,0,83,0,9,0,0,0,4,0,1,0,0,0,0,0,0,0
2020-03-10,0,0,141,0,31,0,0,0,96,0,10,0,0,0,5663,0,92,38,0,0,13,0,3,0,0,0,15,0,3,0,0,0,18,0,1,0,0,0,24,0,1,0,0,0,8,0,0,0,0,0,163,0,22,1,0,0,28,0,6,1,0,0,25,0,3,0,0,0,104,0,1,0,0,0,7,0,2,0,0,0,4,0,1,0,0,0,1117,0,60,14,0,0,83,0,10,0,0,0,4,0,1,0,0,0,0,0,0,0
2020-03-11,0,0,193,0,37,0,0,0,98,0,21,1,0,0,5794,0,102,43,0,0,25,0,3,0,0,0,15,0,3,0,0,0,18,0,2,0,0,0,25,0,2,0,0,0,10,0,0,0,0,0,175,0,25,1,0,0,29,0,6,1,0,0,27,0,3,0,0,0,112,0,1,0,0,0,7,0,2,0,0,0,4,0,1,0,0,0,1135,0,69,14,0,0,84,0,10,0,0,0,4,0,1,0,0,0,0,0,0,0
2020-03-12,0,0,212,0,38,0,0,0,99,0,29,0,0,0,5867,0,114,48,0,0,25,0,4,0,0,0,15,0,4,0,0,0,20,0,2,0,0,0,25,0,3,0,0,0,15,0,0,0,0,0,178,0,27,1,0,0,29,0,6,1,0,0,27,0,4,0,0,0,114,0,5,0,0,0,7,0,2,0,0,0,4,0,1,0,0,0,1143,0,83,16,0,0,85,0,10,0,0,0,4,0,1,0,0,0,0,0,0,0
2020-03-13,0,0,225,0,40,0,0,0,100,0,36,0,0,0,5928,0,251,48,0,0,27,0,4,0,0,0,15,0,4,0,0,0,22,0,4,0,0,0,27,0,3,0,0,0,32,0,0,0,0,0,185,0,31,2,0,0,29,0,6,1,0,0,27,0,4,0,0,0,115,0,7,0,0,0,7,0,4,0,0,0,4,0,1,0,0,0,1147,0,103,16,0,0,85,0,11,0,0,0,4,0,1,0,0,0,0,0,0,0
2020-03-14,0,0,238,0,44,0,0,0,103,0,40,0,0,0,5990,0,401,51,0,0,28,0,4,0,0,0,15,0,4,0,0,0,22,0,4,0,0,0,27,0,5,0,0,0,38,0,0,0,0,0,200,0,36,3,0,0,29,0,6,1,0,0,28,0,5,0,0,0,115,0,9,0,0,0,7,0,4,0,0,0,4,0,2,0,0,0,1153,0,138,17,0,0,85,0,11,0,0,0,4,0,1,0,0,0,0,0,0,0
2020-03-15,0,0,247,0,47,0,0,0,106,0,52,1,0,0,6031,0,468,53,0,0,30,0,4,0,0,0,16,0,4,0,0,0,22,0,4,0,0,0,28,0,6,0,0,0,39,0,0,0,0,0,211,0,40,3,0,0,29,0,7,1,0,0,31,0,6,0,0,0,115,0,10,0,0,0,7,0,4,0,0,0,4,0,2,0,0,0,1157,0,163,17,0,0,85,0,16,0,0,0,4,0,1,0,0,0,0,0,0,0
2020-03-16,0,0,253,0,52,0,0,0,107,0,53,1,0,0,6066,0,734,53,0,0,30,0,4,0,0,0,16,0,4,0,0,0,22,0,4,0,0,0,28,0,7,0,0,0,40,0,0,0,0,0,231,0,48,3,0,0,29,0,7,1,0,0,31,0,6,0,0,0,115,0,12,0,0,0,7,0,4,0,0,0,4,0,2,0,0,0,1164,0,178,17,0,0,85,0,20,0,0,0,4,0,2,0,0,0,4,0,0,0
2020-03-17,0,0,265,0,55,0,0,0,107,0,54,1,0,0,6098,0,947,57,0,0,31,0,5,0,0,0,16,0,6,0,0,0,22,0,4,0,0,0,28,0,8,0,0,0,40,0,0,0,0,0,262,0,55,3,0,0,29,0,8,1,0,0,31,0,5,0,0,0,115,0,15,0,0,0,7,0,4,0,0,0,4,0,2,0,0,0,1169,0,209,19,0,0,86,0,22,0,0,0,4,0,2,0,0,0,6,0,0,0
2020-03-18,0,0,270,0,55,0,0,0,107,0,58,1,0,0,6144,0,1048,58,0,0,32,0,5,0,0,0,17,0,6,0,0,0,22,0,4,0,0,0,30,0,9,0,0,0,41,0,0,0,0,0,277,0,59,3,0,0,30,0,8,1,0,0,32,0,5,0,0,0,118,0,16,0,0,0,9,0,5,0,0,0,5,0,2,0,0,0,1178,0,235,21,0,0,86,0,23,0,0,0,4,0,2,0,0,0,11,0,0,0
2020-03-19,0,0,282,0,58,0,0,0,107,0,58,1,0,0,6241,0,1382,65,0,0,32,0,6,0,0,0,17,0,7,0,0,0,22,0,4,0,0,0,36,0,9,0,0,0,41,0,0,0,0,0,295,0,64,3,0,0,30,0,9,1,0,0,33,0,5,0,0,0,118,0,31,0,0,0,10,0,5,0,0,0,5,0,3,0,0,0,1190,0,275,21,0,0,86,0,29,0,0,0,4,0,2,0,0,0,16,0,0,0
2020-03-20,0,0,299,0,64,0,0,0,108,0,60,1,0,0,6275,0,1577,67,0,0,36,0,7,0,0,0,18,0,10,0,0,0,22,0,5,0,0,0,36,0,11,0,0,0,41,0,0,0,0,0,309,0,66,3,0,0,30,0,10,1,0,0,33,0,6,0,0,0,119,0,32,0,0,0,10,0,7,0,0,0,5,0,3,0,0,0,1203,0,340,22,0,0,87,0,33,0,0,0,4,0,2,0,0,0,17,0,0,0
2020-03-21,0,0,314,0,64,0,0,0,108,0,67,1,0,0,6344,0,1861,73,0,0,40,0,7,0,0,0,18,0,10,0,0,0,22,0,5,0,0,0,36,0,11,0,0,0,41,0,2,0,0,0,321,0,79,3,0,0,30,0,12,1,0,0,34,0,8,0,0,0,119,0,39,0,0,0,10,0,7,0,0,0,5,0,3,0,0,0,1243,0,395,24,0,0,87,0,40,0,0,0,4,0,2,0,0,0,23,0,0,0
2020-03-22,0,0,324,0,64,0,0,0,108,0,69,1,0,0,6387,0,2107,75,0,0,40,0,8,0,0,0,19,0,10,0,0,0,24,0,6,0,0,0,36,0,12,0,0,0,41,0,3,0,0,0,337,0,82,3,0,0,30,0,13,1,0,0,35,0,9,0,0,0,120,0,39,0,0,0,10,0,7,0,0,0,6,0,3,0,0,0,1254,0,432,24,0,0,88,0,42,0,0,0,4,0,3,0,0,0,34,0,0,0
2020-03-23,0,0,330,0,64,0,0,0,109,0,71,1,0,0,6411,0,2305,82,0,0,40,0,8,0,0,0,19,0,10,0,0,0,24,0,6,0,0,0,36,0,17,0,0,0,42,0,3,0,0,0,351,0,88,3,0,0,30,0,14,1,0,0,37,0,9,0,0,0,120,0,44,0,0,0,10,0,7,0,0,0,6,0,3,0,0,0,1256,0,469,24,0,0,89,0,45,0,0,0,4,0,3,0,0,0,47,0,0,0
2020-03-24,0,0,334,0,72,0,0,0,111,0,71,1,0,0,6442,0,2571,88,0,0,41,0,8,0,0,0,19,0,11,0,0,0,24,0,6,0,0,0,36,0,18,0,0,0,42,0,3,0,0,0,366,0,97,4,0,0,30,0,14,1,0,0,38,0,11,0,0,0,120,0,56,0,0,0,10,0,7,0,0,0,6,0,3,0,0,0,1257,0,507,26,0,0,90,0,48,0,0,0,4,0,4,0,0,0,67,0,0,0
2020-03-25,0,0,347,0,72,0,0,0,112,0,73,1,0,0,6456,0,2740,92,0,0,42,0,10,0,0,0,19,0,11,0,0,0,24,0,6,0,0,0,37,0,19,0,0,0,44,0,3,0,0,0,387,0,100,4,0,0,31,0,15,1,0,0,38,0,13,0,0,0,123,0,65,0,0,0,10,0,7,0,0,0,8,0,3,0,0,0,1262,0,538,28,0,0,90,0,51,0,0,0,6,0,4,0,0,0,101,0,0,0
2020-03-26,0,0,360,0,80,0,0,0,112,0,75,2,0,0,6482,0,3039,94,0,0,43,0,11,0,0,0,19,0,11,0,0,0,30,0,6,0,0,0,37,0,20,0,0,0,44,0,8,0,0,0,401,0,122,4,0,0,31,0,18,1,0,0,39,0,14,0,0,0,124,0,68,0,0,0,10,0,7,0,0,0,8,0,3,0,0,0,1274,0,601,30,0,0,90,0,57,0,0,0,6,0,4,0,0,0,131,0,0,0
2020-03-27,0,0,372,0,89,0,0,0,113,0,81,2,0,0,6516,0,3324,98,0,0,46,0,13,0,0,0,20,0,11,0,0,0,31,0,9,0,0,0,39,0,20,0,0,0,44,0,9,0,0,0,412,0,131,4,0,0,31,0,20,1,0,0,41,0,17,0,0,0,124,0,78,0,0,0,10,0,7,0,0,0,8,0,3,0,0,0,1283,0,650,34,0,0,91,0,62,0,0,0,7,0,4,0,0,0,144,0,0,0
2020-03-28,0,0,390,0,93,0,0,0,114,0,81,2,0,0,6587,0,3543,101,0,0,51,0,14,0,0,0,20,0,11,0,0,0,31,0,10,0,0,0,39,0,19,0,0,0,44,0,9,0,0,0,433,0,140,5,0,0,32,0,20,1,0,0,41,0,21,0,0,0,126,0,81,0,0,0,10,0,7,0,0,0,8,0,3,0,0,0,1285,0,692,35,0,0,91,0,63,0,0,0,8,0,4,0,0,0,168,0,0,0
2020-03-29,0,0,410,0,93,0,0,0,117,0,85,3,0,0,6610,0,3706,106,0,0,58,0,15,0,0,0,20,0,11,0,0,0,34,0,14,0,0,0,39,0,19,0,0,0,46,0,11,0,0,0,448,0,144,5,0,0,34,0,21,1,0,0,41,0,21,0,0,0,127,0,83,0,0,0,12,0,7,0,0,0,9,0,3,0,0,0,1287,0,732,37,0,0,94,0,64,0,0,0,8,0,4,0,0,0,189,0,0,0
2020-03-30,0,0,426,0,92,0,0,0,118,0,87,3,0,0,6624,0,3837,111,0,0,58,0,15,0,0,0,20,0,13,0,0,0,34,0,17,0,0,0,39,0,19,0,0,0,46,0,12,0,0,0,463,0,160,5,0,0,36,0,21,1,0,0,44,0,21,0,0,0,127,0,83,0,0,0,13,0,7,0,0,0,9,0,3,0,0,0,1298,0,772,38,0,0,95,0,65,0,0,0,9,0,4,0,0,0,202,0,0,0
2020-03-31,0,0,450,0,107,0,0,0,119,0,87,3,0,0,6684,0,3946,114,0,0,64,0,16,0,0,0,20,0,14,0,0,0,36,0,18,0,0,0,39,0,19,0,0,0,46,0,12,0,0,0,476,0,166,6,0,0,36,0,23,1,0,0,44,0,22,0,0,0,128,0,90,0,0,0,13,0,7,0,0,0,9,0,3,0,0,0,1300,0,808,38,0,0,96,0,67,0,0,0,9,0,3,0,0,0,217,0,0,0
2020-04-01,0,0,474,0,117,0,0,0,122,0,87,3,0,0,6704,0,4070,115,0,0,69,0,19,0,0,0,24,0,14,0,0,0,36,0,18,0,0,0,39,0,20,1,0,0,46,0,12,0,0,0,499,0,171,6,0,0,38,0,23,1,0,0,44,0,23,0,0,0,131,0,91,0,0,0,14,0,7,0,0,0,12,0,3,0,0,0,1302,0,822,39,0,0,100,0,67,0,0,0,9,0,3,0,0,0,224,0,0,0
2020-04-02,0,0,488,0,127,0,0,0,122,0,87,3,0,0,6725,0,4283,117,0,0,73,0,20,0,0,0,25,0,14,0,0,0,36,0,18,0,0,0,40,0,21,1,0,0,46,0,12,0,0,0,516,0,181,6,0,0,39,0,23,1,0,0,44,0,23,0,0,0,133,0,95,0,0,0,14,0,7,0,0,0,14,0,3,0,0,0,1304,0,840,41,0,0,106,0,70,0,0,0,9,0,3,0,0,0,242,0,1,0
2020-04-03,0,0,506,0,131,0,0,0,122,0,88,3,0,0,6734,0,4434,121,0,0,74,0,21,0,0,0,26,0,15,0,0,0,36,0,18,0,0,0,40,0,21,1,0,0,46,0,12,0,0,0,539,0,186,6,0,0,41,0,23,1,0,0,45,0,25,0,0,0,134,0,97,0,0,0,15,0,7,0,0,0,15,0,3,0,0,0,1309,0,865,42,0,0,107,0,71,0,0,0,9,0,3,0,0,0,264,0,1,0
2020-04-04,0,0,528,0,144,0,0,0,122,0,90,3,0,0,6761,0,4673,122,0,0,77,0,22,0,0,0,26,0,15,0,0,0,36,0,18,0,0,0,40,0,24,1,0,0,46,0,15,0,0,0,562,0,200,6,0,0,42,0,23,1,0,0,45,0,27,0,0,0,135,0,102,0,0,0,15,0,7,0,0,0,15,0,4,0,0,0,1310,0,881,44,0,0,108,0,75,0,0,0,9,0,4,0,0,0,279,0,1,0
2020-04-05,0,0,552,0,145,0,0,0,122,0,90,3,0,0,6768,0,4773,127,0,0,79,0,25,0,0,0,27,0,15,0,0,0,37,0,18,0,0,0,40,0,27,1,0,0,46,0,15,0,0,0,572,0,208,7,0,0,45,0,24,1,0,0,45,0,28,0,0,0,135,0,102,0,0,0,16,0,7,0,0,0,15,0,4,0,0,0,1314,0,899,44,0,0,109,0,77,0,0,0,12,0,4,0,0,0,303,0,2,0
2020-04-06,0,0,563,0,151,0,0,0,122,0,91,3,0,0,6781,0,4865,129,0,0,80,0,27,0,0,0,27,0,15,0,0,0,39,0,19,0,0,0,40,0,27,1,0,0,46,0,17,0,0,0,580,0,213,7,0,0,45,0,23,1,0,0,45,0,29,0,0,0,136,0,102,0,0,0,16,0,7,0,0,0,15,0,4,0,0,0,1316,0,922,45,0,0,111,0,80,0,0,0,12,0,4,0,0,0,310,0,2,0
2020-04-07,0,0,567,0,164,0,0,0,123,0,91,3,0,0,6794,0,4918,134,0,0,80,0,27,0,0,0,27,0,15,0,0,0,39,0,20,0,0,0,40,0,28,1,0,0,46,0,17,0,0,0,590,0,226,7,0,0,47,0,24,1,0,0,45,0,29,0,0,0,137,0,104,0,0,0,16,0,7,0,0,0,15,0,4,0,0,0,1317,0,934,46,0,0,112,0,80,0,0,0,12,0,4,0,0,0,324,0,2,0
2020-04-08,0,0,578,0,169,2,0,0,125,0,94,3,0,0,6803,0,4961,137,0,0,84,0,27,0,0,0,27,0,15,0,0,0,39,0,20,0,0,0,40,0,28,1,0,0,46,0,14,0,0,0,596,0,237,10,0,0,49,0,24,1,0,0,45,0,29,0,0,0,137,0,106,0,0,0,17,0,7,0,0,0,15,0,4,0,0,0,1320,0,954,46,0,0,113,0,80,0,0,0,12,0,4,0,0,0,338,0,3,0
2020-04-09,7,5,590,414,174,2,0,0,125,25,97,3,0,4,6807,1562,5106,139,0,0,84,53,31,0,0,0,27,12,15,0,0,0,39,19,20,0,0,0,40,11,28,1,0,0,46,30,16,0,5,5,606,336,259,11,0,0,49,24,24,1,0,0,45,15,30,0,0,1,138,33,105,0,0,0,17,10,7,0,0,0,15,11,4,0,0,0,1320,305,968,47,1,1,115,33,82,0,0,0,12,8,4,0,10,0,348,345,3,0
2020-04-10,0,5,595,408,185,2,0,1,126,25,98,3,0,0,6807,1472,5193,142,0,1,85,51,34,0,0,0,27,12,15,0,0,0,39,18,21,0,0,0,40,11,28,1,0,0,46,26,20,0,1,8,615,335,269,11,0,0,49,22,26,1,0,0,45,17,28,0,0,0,138,33,105,0,0,0,17,9,8,0,0,0,15,11,4,0,0,7,1327,285,994,48,0,0,115,33,82,0,0,0,12,8,4,0,4,0,352,349,3,0
2020-04-11,1,3,599,402,195,2,0,0,126,23,100,3,1,6,6814,1398,5271,145,0,0,85,50,35,0,0,0,27,10,17,0,0,0,39,17,22,0,1,0,41,10,30,1,0,0,46,26,20,0,3,6,624,327,286,11,0,0,49,22,26,1,0,0,45,17,28,0,0,0,138,32,106,0,0,0,17,9,8,0,0,0,15,10,5,0,0,3,1330,278,1004,48,0,0,115,32,83,0,0,0,12,8,4,0,6,0,358,355,3,0
2020-04-12,1,2,602,398,202,2,0,0,126,20,103,3,1,1,6816,1314,5356,146,1,0,86,48,38,0,0,0,27,8,19,0,0,0,39,16,23,0,0,0,41,8,32,1,0,0,46,24,22,0,3,1,628,324,292,12,0,0,49,21,27,1,0,0,45,16,29,0,0,1,139,31,108,0,0,0,17,9,8,0,0,0,15,10,5,0,0,3,1333,271,1013,49,0,0,115,31,84,0,0,0,12,8,4,0,18,0,376,373,3,0
2020-04-13,7,1,610,394,214,2,0,0,126,20,103,3,0,3,6819,1277,5395,147,1,0,87,48,39,0,0,0,27,8,19,0,0,0,39,16,23,0,0,0,41,7,33,1,0,0,46,24,22,0,2,1,631,313,305,13,0,0,49,20,28,1,0,0,45,14,31,0,0,0,139,30,109,0,0,0,17,9,8,0,0,0,15,9,6,0,0,4,1337,267,1020,50,0,0,115,31,84,0,0,0,12,7,5,0,6,0,382,379,3,0
2020-04-14,0,2,612,382,228,2,0,0,126,20,103,3,1,2,6822,1230,5440,152,1,0,88,46,42,0,0,0,27,6,21,0,0,0,39,15,24,0,0,1,42,8,33,1,0,0,46,25,21,0,3,5,639,313,313,13,0,0,49,19,29,1,0,0,45,14,31,0,0,0,139,26,113,0,0,0,17,9,8,0,0,0,15,9,6,0,0,5,1342,263,1029,50,0,0,115,31,84,0,0,0,12,7,5,0,7,0,389,385,4,0
2020-04-15,3,2,617,376,239,2,1,0,127,17,107,3,1,0,6823,1182,5486,155,0,0,88,40,48,0,0,1,28,7,21,0,0,0,39,15,24,0,0,0,42,8,33,1,0,0,46,25,21,0,0,6,645,310,322,13,1,1,51,23,27,1,0,0,45,14,31,0,0,0,139,25,114,0,0,0,17,9,8,0,0,0,15,8,7,0,0,6,1348,263,1035,50,0,0,115,31,84,0,1,0,13,8,5,0,4,0,393,389,4,0
2020-04-16,1,1,619,367,250,2,3,0,130,16,111,3,0,4,6827,1083,5586,158,0,0,88,37,51,0,0,0,28,6,22,0,0,0,39,14,25,0,0,0,42,7,34,1,0,0,46,25,21,0,3,1,649,305,330,14,0,1,52,24,27,1,0,0,45,11,34,0,0,0,139,24,115,0,0,0,17,8,9,0,0,0,15,8,7,0,0,4,1352,258,1044,50,0,0,115,33,82,0,0,0,13,8,5,0,4,0,397,393,4,0
2020-04-17,1,1,621,351,268,2,0,0,130,15,112,3,0,0,6827,1042,5626,159,0,1,89,38,51,0,2,0,30,8,22,0,0,1,40,15,25,0,0,0,42,7,34,1,0,0,46,22,24,0,0,1,650,296,340,14,0,0,52,23,28,1,0,0,45,8,37,0,0,0,139,24,115,0,0,0,17,8,9,0,0,0,15,8,7,0,0,4,1356,269,1037,50,0,0,115,31,84,0,0,0,13,8,5,0,11,0,408,403,5,0
2020-04-18,1,0,622,346,274,2,0,0,130,15,112,3,0,3,6830,985,5685,160,1,0,90,35,55,0,0,0,30,8,22,0,0,-1,39,14,25,0,0,0,42,7,34,1,0,0,46,21,25,0,0,4,654,279,361,14,1,0,53,24,28,1,0,0,45,7,38,0,1,1,141,22,119,0,0,0,17,8,9,0,0,0,15,8,7,0,1,1,1358,261,1046,51,0,1,116,32,84,0,0,0,13,7,6,0,4,0,412,405,7,0
2020-04-19,1,1,624,334,288,2,0,0,130,12,115,3,1,1,6832,928,5743,161,1,0,91,36,55,0,0,0,30,8,22,0,0,0,39,14,25,0,0,0,42,7,34,1,0,0,46,17,29,0,0,0,654,270,370,14,0,0,53,23,28,2,0,0,45,7,38,0,0,0,141,19,122,0,0,0,17,8,9,0,0,0,15,7,8,0,0,1,1359,251,1057,51,0,0,116,31,85,0,0,0,13,7,6,0,2,0,414,406,8,0
2020-04-20,0,0,624,318,304,2,0,2,132,14,115,3,0,1,6833,901,5769,163,1,0,92,36,56,0,0,0,30,8,22,0,0,0,39,13,26,0,1,0,43,8,34,1,0,0,46,17,29,0,1,1,656,255,387,14,0,0,53,23,28,2,0,0,45,7,38,0,0,0,141,19,122,0,0,0,17,8,9,0,0,0,15,7,8,0,0,2,1361,246,1064,51,0,0,116,29,87,0,0,0,13,7,6,0,4,0,418,408,10,0
2020-04-21,1,1,626,309,315,2,0,0,132,14,115,3,0,2,6835,878,5793,164,0,0,92,36,56,0,0,0,30,8,22,0,0,0,39,13,26,0,0,0,43,7,35,1,0,0,46,17,29,0,1,1,658,246,398,14,0,0,53,21,30,2,0,0,45,6,39,0,0,0,141,18,123,0,0,0,17,8,9,0,0,0,15,7,8,0,0,0,1361,238,1072,51,0,0,116,28,88,0,0,0,13,7,6,0,3,0,421,372,49,0
2020-04-22,2,0,628,304,322,2,1,1,134,16,115,3,0,1,6836,844,5827,165,0,0,92,35,57,0,0,0,30,8,22,0,1,0,40,13,27,0,0,0,43,7,35,1,0,0,46,13,33,0,0,0,658,240,404,14,0,0,53,20,31,2,0,0,45,6,39,0,0,0,141,19,122,0,0,0,17,8,9,0,0,0,15,7,8,0,0,2,1363,233,1079,51,0,1,117,28,89,0,0,0,13,5,8,0,2,0,423,373,50,0
2020-04-23,0,0,628,284,342,2,1,0,135,16,116,3,1,3,6840,784,5890,166,0,0,92,36,56,0,0,0,30,6,24,0,0,0,40,11,29,0,0,0,43,6,36,1,0,0,46,12,34,0,0,1,659,221,424,14,0,0,53,20,31,2,0,0,45,5,40,0,0,0,141,18,123,0,0,0,17,8,9,0,0,0,15,7,8,0,0,0,1363,220,1091,52,0,0,117,28,89,0,0,0,13,5,8,0,2,0,425,364,61,0
2020-04-24,0,0,628,264,362,2,1,0,136,17,116,3,0,2,6842,745,5931,166,0,0,92,38,54,0,0,0,30,6,24,0,0,0,40,10,30,0,0,0,43,6,36,1,0,0,46,12,34,0,0,1,660,205,441,14,0,0,53,20,31,2,0,0,45,5,40,0,0,0,141,18,123,0,0,0,17,6,11,0,0,0,15,7,8,0,0,1,1364,215,1097,52,0,0,117,26,91,0,0,0,13,5,8,0,1,0,426,362,64,0
2020-04-25,0,1,629,244,383,2,0,0,136,17,116,3,0,3,6845,705,5974,166,0,0,92,37,55,0,0,0,30,5,25,0,0,0,40,8,32,0,0,0,43,6,36,1,0,0,46,11,35,0,0,2,662,200,448,14,0,0,53,19,32,2,0,0,45,5,40,0,0,0,141,18,123,0,0,0,17,7,10,0,0,0,15,7,8,0,0,0,1364,208,1104,52,0,0,117,26,91,0,0,0,13,5,8,0,4,0,430,315,115,0
2020-04-26,0,0,629,239,388,2,1,0,137,18,116,3,0,1,6846,660,6018,168,0,0,92,35,57,0,0,0,30,5,25,0,0,0,40,6,34,0,0,0,43,6,36,1,0,0,46,11,35,0,6,0,668,191,463,14,0,0,53,17,34,2,0,0,45,5,40,0,0,0,141,18,123,0,1,0,18,8,10,0,0,0,15,6,9,0,0,0,1364,203,1109,52,0,0,117,24,93,0,0,0,13,6,7,0,1,0,431,311,120,0
2020-04-27,0,0,629,234,393,2,0,0,137,17,117,3,0,1,6847,638,6040,169,0,0,92,34,58,0,0,0,30,5,25,0,0,0,40,6,34,0,0,0,43,6,36,1,0,0,46,11,35,0,1,2,671,187,470,14,0,0,53,16,35,2,0,0,45,5,40,0,1,0,142,19,123,0,0,0,18,8,10,0,0,0,15,6,9,0,0,0,1364,198,1114,52,0,0,117,23,94,0,0,0,13,5,8,0,5,0,436,313,123,0
2020-04-28,4,0,633,204,427,2,0,0,137,18,116,3,2,0,6849,623,6056,170,0,1,93,30,63,0,0,0,30,5,25,0,0,0,40,5,35,0,0,0,43,6,36,1,0,0,46,11,35,0,3,0,674,185,475,14,0,0,53,14,37,2,0,0,45,5,40,0,0,0,142,19,123,0,0,0,18,8,10,0,0,0,15,5,10,0,0,1,1365,194,1119,52,0,0,117,20,97,0,0,0,13,6,7,0,3,0,439,296,143,0
2020-04-29,0,0,633,194,437,2,0,0,137,18,116,3,0,3,6852,606,6075,171,0,0,93,27,66,0,0,0,30,4,26,0,0,0,40,5,35,0,0,0,43,5,37,1,0,0,46,10,36,0,1,1,676,180,481,15,0,0,53,14,37,2,0,0,45,5,40,0,1,0,143,20,123,0,0,0,18,8,10,0,0,0,15,5,10,0,0,0,1365,180,1133,52,0,0,117,20,97,0,0,0,13,5,8,0,3,0,442,287,155,0
2020-04-30,0,0,633,178,453,2,0,0,137,18,116,3,0,0,6852,536,6144,172,0,0,93,25,68,0,0,0,30,3,27,0,0,0,40,5,35,0,0,0,43,5,37,1,0,0,46,8,38,0,0,0,676,175,486,15,0,0,53,11,40,2,0,0,45,4,41,0,0,0,143,16,127,0,0,0,18,7,11,0,0,0,15,4,11,0,0,0,1365,166,1147,52,0,0,117,20,97,0,0,0,13,5,8,0,4,0,446,273,173,0
2020-05-01,1,0,634,117,455,2,0,0,137,18,116,3,0,0,6852,536,6144,172,1,0,94,25,69,0,0,0,30,3,27,0,0,0,40,5,35,0,0,0,43,5,37,1,0,0,46,7,39,0,2,0,678,174,488,16,0,0,53,11,40,2,0,0,45,4,41,0,0,0,143,15,128,0,0,0,18,6,12,0,0,0,15,3,12,0,0,1,1366,165,1149,52,0,0,117,19,98,0,0,0,13,5,8,0,4,0,450,276,174,0
2020-05-02,1,0,635,170,463,2,1,0,138,18,117,3,0,0,6852,523,6155,174,1,0,95,25,70,0,0,0,30,2,28,0,0,0,40,4,36,0,0,0,43,5,37,1,0,0,46,5,41,0,0,0,678,164,498,16,0,0,53,9,42,2,0,0,45,4,41,0,0,0,143,15,128,0,0,0,18,6,12,0,0,0,15,3,12,0,0,0,1366,160,1154,52,0,0,117,18,99,0,0,0,13,5,8,0,3,0,453,271,182,0
2020-05-03,2,0,637,162,473,2,0,0,138,18,117,3,1,3,6856,515,6167,174,0,0,95,23,72,0,0,0,30,2,28,0,0,0,40,4,36,0,0,0,43,5,37,1,0,0,46,4,42,0,2,0,680,154,510,16,0,0,53,8,43,2,0,0,45,3,42,0,0,0,143,15,128,0,0,0,18,6,12,0,0,0,15,3,12,0,0,0,1366,149,1165,52,0,0,117,17,100,0,0,0,13,5,8,0,5,0,458,267,191,0
2020-05-04,0,0,637,154,481,2,0,0,138,18,117,3,0,0,6856,505,6177,174,1,0,96,24,72,0,0,0,30,2,28,0,0,0,40,3,36,1,1,0,44,6,37,1,0,0,46,2,44,0,1,0,681,150,515,16,0,0,53,9,42,2,0,0,45,3,42,0,0,0,143,15,128,0,0,0,18,6,12,0,1,0,16,4,12,0,0,0,1366,140,1173,53,0,0,117,16,101,0,0,0,13,5,8,0,4,0,462,270,192,0
2020-05-05,0,0,637,146,489,2,0,0,138,18,117,3,0,0,6856,481,6199,176,1,0,97,26,71,0,0,0,30,2,28,0,0,0,40,3,36,1,0,0,44,5,38,1,0,0,46,1,45,0,0,0,681,147,518,16,0,0,53,9,42,2,0,0,45,3,42,0,0,0,143,15,128,0,0,0,18,6,12,0,0,0,16,4,12,0,0,0,1366,127,1186,53,0,0,117,15,102,0,0,0,13,5,8,0,2,0,464,254,210,0
2020-05-06,0,0,637,141,494,2,0,0,138,16,119,3,0,0,6856,462,6217,177,0,0,97,25,72,0,0,0,30,2,28,0,0,0,40,1,38,1,0,0,44,6,37,1,0,0,46,1,45,0,0,0,681,140,525,16,0,0,53,9,42,2,0,0,45,3,42,0,0,0,143,15,128,0,0,0,18,6,12,0,0,0,16,4,12,0,0,0,1366,123,1190,53,0,0,117,13,104,0,0,0,13,1,12,0,2,0,466,250,216,0
2020-05-07,0,0,637,127,508,2,0,0,138,15,120,3,0,0,6856,429,6249,178,0,0,97,25,72,0,0,0,30,2,28,0,1,0,41,2,38,1,0,0,44,6,37,1,0,0,46,1,45,0,0,1,682,128,538,16,0,0,53,9,42,2,1,0,46,4,42,0,0,0,143,15,128,0,0,0,18,4,14,0,0,0,16,4,12,0,0,0,1366,115,1198,53,0,0,117,12,105,0,0,0,13,1,12,0,1,0,467,236,231,0
2020-05-08,0,0,637,115,520,2,2,0,140,14,123,3,3,0,6859,404,6277,178,0,0,97,22,75,0,0,0,30,2,28,0,0,0,41,2,38,1,0,0,44,6,37,1,0,0,46,1,45,0,1,1,684,130,538,16,0,0,53,10,41,2,1,0,47,6,41,0,0,0,143,13,130,0,1,0,19,5,14,0,0,0,16,4,12,0,0,0,1366,107,1206,53,0,0,117,12,105,0,0,0,13,1,12,0,3,0,470,228,242,0
2020-05-09,0,12,649,111,536,2,0,1,141,13,125,3,0,0,6859,375,6306,178,0,1,98,20,78,0,0,0,30,1,29,0,0,0,41,2,38,1,0,0,44,5,38,1,0,0,46,1,45,0,1,3,688,124,548,16,0,0,53,10,41,2,0,0,47,6,41,0,0,0,143,10,133,0,0,0,19,5,14,0,0,0,16,4,12,0,0,0,1366,98,1215,53,0,0,117,10,107,0,0,0,13,0,13,0,0,0,470,221,249,0
2020-05-10,2,12,663,120,541,2,0,0,141,13,125,3,0,2,6861,365,6318,178,0,3,101,21,80,0,0,0,30,0,30,0,0,0,41,2,38,1,0,0,44,5,38,1,0,0,46,1,45,0,0,6,694,122,556,16,0,0,53,10,41,2,0,2,49,7,42,0,0,0,143,10,433,0,0,0,19,5,14,0,0,0,16,4,12,0,0,0,1366,93,1220,53,0,0,117,9,108,0,0,1,14,1,13,0,6,0,476,220,256,0
2020-05-11,0,20,683,136,545,2,0,0,141,13,125,3,0,0,6861,365,6318,178,1,2,104,22,82,0,0,0,30,0,30,0,0,0,41,2,38,1,0,0,44,5,38,1,1,0,47,2,45,0,0,4,698,125,557,16,1,0,54,11,41,2,0,3,52,10,42,0,0,0,143,9,134,0,0,0,19,5,14,0,0,0,16,4,12,0,0,0,1366,85,1228,53,0,0,117,7,110,0,0,0,14,1,13,0,3,0,479,219,260,0
2020-05-12,0,12,695,139,554,2,0,0,141,13,125,3,0,1,6862,352,6331,179,0,1,105,23,82,0,0,0,30,0,30,0,2,0,43,4,38,1,0,0,44,3,40,1,0,0,47,2,45,0,0,8,706,131,559,16,0,0,54,11,41,2,0,0,52,10,42,0,0,0,143,7,136,0,0,0,19,5,14,0,0,0,16,4,12,0,1,0,1367,83,1230,54,1,0,118,6,112,0,0,0,14,2,12,0,1,0,480,213,267,0
2020-05-13,0,12,707,146,558,3,0,3,144,15,126,3,1,2,6865,364,6322,179,0,2,107,21,86,0,0,0,30,0,30,0,0,0,43,4,38,1,1,0,45,3,41,1,0,0,47,1,46,0,1,1,708,129,563,16,0,0,54,10,42,2,0,0,52,9,43,0,0,0,143,5,138,0,0,1,20,6,14,0,0,0,16,4,12,0,0,0,1367,82,1231,54,0,1,119,6,113,0,0,0,14,2,12,0,1,0,481,201,280,0
2020-05-14,1,3,711,143,564,4,0,0,144,14,127,3,0,0,6865,337,6349,179,0,12,119,34,85,0,0,0,30,0,30,0,0,0,43,3,39,1,0,0,45,3,41,1,0,0,47,1,46,0,0,6,714,121,577,16,0,1,55,10,43,2,0,3,55,12,43,0,0,1,144,6,138,0,0,0,20,6,14,0,1,0,17,4,13,0,1,0,1368,77,1237,54,0,0,119,5,114,0,0,0,14,2,12,0,0,0,481,191,290,0
2020-05-15,0,14,725,152,569,4,0,0,144,14,127,3,0,3,6868,323,6366,179,1,4,124,39,85,0,0,0,30,0,30,0,0,0,43,3,39,1,0,0,45,5,39,1,0,0,47,0,47,0,2,1,717,118,583,16,0,0,55,9,44,2,0,0,55,12,43,0,0,0,144,5,139,0,0,0,20,6,14,0,1,0,18,5,13,0,0,0,1368,69,1245,54,0,0,119,4,115,0,0,0,14,2,12,0,1,0,482,171,311,0
2020-05-16,0,5,730,152,574,4,0,0,114,11,130,3,0,1,6869,321,6367,181,0,0,124,39,85,0,0,0,30,0,30,0,0,0,43,3,39,1,0,0,45,4,40,1,0,0,47,0,47,0,2,2,721,118,587,16,0,0,55,8,45,2,0,1,56,13,43,0,0,0,144,5,139,0,0,0,20,4,16,0,0,0,18,5,13,0,0,0,1368,61,1253,54,0,0,119,3,116,0,0,0,14,3,11,0,8,0,490,174,316,0
2020-05-17,1,4,735,156,575,4,0,0,144,11,130,3,0,1,6870,313,6376,181,0,0,124,39,85,0,0,0,30,0,30,0,0,1,44,4,39,1,0,0,45,3,41,1,0,0,47,0,47,0,0,0,721,107,598,16,0,0,55,8,45,2,0,0,56,13,43,0,0,0,144,4,140,0,0,0,20,4,16,0,0,0,18,5,13,0,0,0,1368,60,1254,54,2,0,121,5,116,0,0,0,14,3,11,0,4,0,494,165,329,0
2020-05-18,1,0,736,153,579,4,0,0,144,11,130,3,0,1,6871,313,6376,182,0,0,124,38,86,0,0,0,30,0,30,0,0,0,44,4,39,1,0,0,45,3,41,1,0,0,47,0,47,0,1,2,724,108,600,16,0,0,55,7,46,2,1,2,59,16,43,0,0,0,144,4,140,0,0,0,20,2,18,0,0,0,18,4,14,0,0,0,1368,57,1257,54,0,0,121,5,116,0,0,0,14,3,11,0,7,0,501,170,331,0
2020-05-19,0,6,742,151,587,4,0,0,144,11,130,3,0,0,6871,300,6389,182,0,2,126,39,87,0,0,0,30,0,30,0,0,0,44,4,39,1,4,0,49,7,41,1,0,0,47,1,46,0,0,1,725,107,602,16,0,0,55,7,46,2,0,0,59,16,43,0,0,0,144,4,140,0,0,0,20,1,19,0,0,0,18,5,13,0,0,0,1368,53,1261,54,0,0,121,6,115,0,0,0,14,3,11,0,0,0,501,162,339,0
2020-05-20,4,6,752,156,592,4,0,0,144,10,131,3,0,1,6872,219,6471,182,0,8,134,46,88,0,0,0,30,0,30,0,0,0,44,4,39,1,0,0,49,6,42,1,0,0,47,0,47,0,2,8,735,108,611,16,0,0,55,6,47,2,0,0,59,15,44,0,0,0,144,3,141,0,0,1,21,2,19,0,0,0,18,4,14,0,0,0,1368,43,1271,54,0,0,121,4,117,0,0,0,14,1,13,0,2,0,503,154,349,0
2020-05-21,1,3,756,156,596,4,0,0,144,10,131,3,0,0,6872,192,6498,182,0,6,140,51,89,0,0,0,30,0,30,0,0,0,44,4,39,1,0,0,49,6,42,1,0,0,47,0,47,0,0,0,735,87,631,17,0,0,55,6,47,2,0,0,59,15,44,0,0,1,145,4,141,0,0,0,21,2,19,0,0,0,18,2,16,0,0,0,1368,42,1272,54,0,0,121,4,117,0,0,0,14,1,13,0,1,0,504,141,363,0
2020-05-22,1,1,758,155,599,4,0,0,144,10,131,3,0,0,6872,185,6505,182,0,1,141,51,90,0,0,0,30,0,30,0,0,0,44,4,39,1,1,0,50,7,42,1,0,0,47,0,47,0,0,6,741,91,633,17,0,0,55,6,47,2,0,0,59,15,44,0,0,0,145,4,141,0,0,0,21,2,19,0,0,0,18,2,16,0,0,2,1370,40,1276,54,0,1,122,5,117,0,0,0,14,1,13,0,7,0,511,138,373,0
2020-05-23,0,4,762,154,604,4,0,0,144,10,131,3,0,1,6873,174,6516,183,0,0,141,50,91,0,0,0,30,0,30,0,1,0,45,4,40,1,0,0,50,7,42,1,0,0,47,0,47,0,0,13,754,100,636,18,0,0,55,6,47,2,0,0,59,14,45,0,0,0,145,4,141,0,0,0,21,2,19,0,0,0,18,2,16,0,0,0,1370,38,1278,54,0,1,123,6,117,0,0,0,14,1,13,0,3,0,514,133,381,0
2020-05-24,2,4,768,160,604,4,0,0,144,10,131,3,0,0,6873,172,6518,183,0,2,143,51,92,0,0,0,30,0,30,0,0,0,45,4,40,1,0,0,50,7,42,1,0,0,47,0,47,0,1,5,760,99,643,18,1,0,56,7,47,2,0,0,59,13,46,0,0,0,145,4,141,0,0,0,21,2,19,0,0,0,18,1,17,0,0,6,1376,41,1281,54,0,0,123,6,117,0,0,0,14,1,13,0,4,0,518,133,385,0
2020-05-25,0,6,774,163,607,4,0,0,144,10,131,3,0,1,6874,172,6519,183,0,1,144,52,92,0,0,0,30,0,30,0,0,0,45,4,40,1,0,0,50,7,42,1,0,0,47,0,47,0,2,4,766,103,644,19,0,0,56,6,48,2,0,0,59,13,46,0,0,0,145,4,141,0,0,0,21,2,19,0,0,0,18,1,17,0,0,1,1377,38,1285,54,0,0,123,4,119,0,0,0,14,1,13,0,1,0,519,133,386,0
2020-05-26,1,8,783,165,614,4,0,0,144,10,131,3,0,1,6875,138,6553,184,0,3,147,54,93,0,0,0,30,0,30,0,0,0,45,4,40,1,0,0,50,7,42,1,0,0,47,0,47,0,0,2,768,104,645,19,0,0,56,5,48,3,0,1,60,14,46,0,0,0,145,4,141,0,0,0,21,2,19,0,0,0,18,1,17,0,0,1,1378,38,1286,54,0,0,123,4,119,0,0,0,14,1,13,0,2,0,521,130,391,0
2020-05-27,0,19,802,180,618,4,0,0,144,6,135,3,1,2,6878,137,6557,184,1,10,158,65,93,0,0,0,30,0,30,0,0,0,45,4,40,1,0,0,50,7,42,1,0,0,47,0,47,0,0,6,774,109,646,19,0,0,56,5,48,3,0,0,60,14,46,0,0,0,145,4,141,0,0,0,21,2,19,0,0,0,18,1,17,0,0,0,1378,37,1287,54,0,0,123,4,119,0,0,0,14,1,13,0,1,0,522,125,397,0
2020-05-28,2,22,826,201,621,4,1,0,145,6,136,3,0,2,6880,120,6576,184,0,22,180,87,93,0,0,0,30,0,30,0,0,0,45,4,40,1,0,0,50,5,44,1,0,0,47,0,47,0,0,21,795,130,646,19,0,0,56,4,49,3,0,0,60,14,46,0,0,1,146,5,141,0,0,0,21,2,19,0,0,0,18,1,17,0,1,0,1379,34,1291,54,0,0,123,4,119,0,0,0,14,1,13,0,7,0,529,117,412,0
2020-05-29,1,19,846,219,623,4,0,0,145,6,136,3,0,0,6880,109,6587,184,0,18,198,105,93,0,0,0,30,0,30,0,0,0,45,2,42,1,0,0,50,5,44,1,0,0,47,0,47,0,2,18,815,149,647,19,0,0,56,3,50,3,0,0,60,14,46,0,0,0,146,5,141,0,0,0,21,2,19,0,0,0,18,1,17,0,0,0,1379,32,1293,54,0,0,123,4,119,0,0,0,14,1,13,0,0,0,529,113,416,0
2020-05-30,2,7,855,224,627,4,0,1,146,5,138,3,1,1,6882,92,6606,184,0,5,203,109,94,0,2,0,32,2,30,0,0,0,45,2,42,1,0,0,50,5,44,1,0,0,47,0,47,0,1,12,828,161,648,19,0,1,57,4,50,3,0,0,60,11,49,0,0,0,146,4,142,0,0,0,21,2,19,0,1,0,19,2,17,0,0,0,1379,31,1294,54,0,0,123,3,120,0,0,0,14,1,13,0,5,0,534,116,418,0
2020-05-31,1,5,861,230,627,4,1,0,147,6,138,3,1,0,6883,91,6607,185,0,3,206,112,94,0,0,0,32,2,30,0,1,0,46,3,42,1,2,0,52,6,45,1,0,0,47,0,47,0,5,7,840,171,650,19,0,0,57,4,50,3,0,0,60,11,49,0,0,0,146,4,142,0,0,0,21,2,19,0,0,0,19,2,17,0,0,0,1379,30,1295,54,0,0,123,2,121,0,1,0,15,2,13,0,0,0,534,115,419,0
2020-06-01,1,0,862,231,627,4,0,0,147,6,138,3,0,1,6884,88,6610,186,0,18,224,126,98,0,0,0,32,2,30,0,0,0,46,3,42,1,0,0,52,6,45,1,0,0,47,0,47,0,1,11,852,176,657,19,0,0,57,4,50,3,0,0,60,11,49,0,0,0,146,4,142,0,0,0,21,2,19,0,1,0,20,3,17,0,0,0,1379,29,1296,54,0,0,123,2,121,0,0,0,15,2,13,0,2,0,536,115,421,0
2020-06-02,1,13,876,234,638,4,0,0,147,6,138,3,0,0,6884,81,6616,187,0,8,232,134,98,0,0,0,32,2,30,0,0,0,46,3,42,1,0,0,52,6,45,1,0,0,47,0,47,0,0,15,867,188,660,19,0,0,57,3,51,3,0,0,60,11,49,0,0,0,146,4,142,0,0,0,21,2,19,0,0,0,20,3,17,0,0,0,1379,28,1297,54,0,0,123,2,121,0,0,0,15,2,13,0,1,0,537,114,423,0
2020-06-03,2,17,895,252,639,4,0,0,147,6,138,3,0,1,6885,71,6626,188,0,17,249,151,98,0,0,0,32,2,30,0,0,0,46,3,42,1,0,0,52,6,45,1,0,0,47,0,47,0,1,11,879,198,662,19,0,0,57,3,51,3,0,0,60,11,49,0,0,0,146,4,142,0,0,0,21,2,19,0,0,0,20,3,17,0,0,0,1379,27,1298,54,0,0,123,2,121,0,0,0,15,2,13,0,0,0,537,107,430,0
2020-06-04,1,13,909,261,644,4,0,0,147,6,138,3,0,0,6885,63,6634,188,0,7,256,151,105,0,0,0,32,2,30,0,0,0,46,3,42,1,0,0,52,5,46,1,0,0,47,0,47,0,2,13,894,210,665,19,0,0,57,3,51,3,0,0,60,11,49,0,0,0,146,4,142,0,0,0,21,2,19,0,0,0,20,3,17,0,1,0,1380,25,1301,54,0,0,123,2,121,0,0,0,15,2,13,0,2,0,539,104,435,0
2020-06-05,0,15,924,275,645,4,0,0,147,6,138,3,0,1,6886,64,6634,188,0,6,262,155,107,0,0,0,32,2,30,0,0,0,46,3,42,1,0,0,52,5,46,1,0,0,47,0,47,0,3,10,907,223,665,19,0,0,57,3,51,3,0,0,60,11,49,0,0,1,147,4,143,0,0,0,21,2,19,0,0,0,20,3,17,0,1,1,1382,26,1302,54,0,0,123,2,121,0,0,0,15,2,13,0,1,0,540,103,437,0
2020-06-06,0,23,947,293,650,4,0,0,147,5,139,3,0,0,6886,60,6638,188,1,10,273,163,110,0,0,0,32,2,30,0,0,0,46,3,42,1,0,0,52,5,46,1,0,0,47,0,47,0,1,7,915,223,673,19,0,1,58,4,51,3,0,0,60,11,49,0,0,1,148,5,143,0,0,0,21,2,19,0,0,0,20,3,17,0,0,1,1383,26,1303,54,1,0,124,2,122,0,0,0,15,2,13,0,5,0,545,106,439,0
2020-06-07,0,27,974,319,651,4,0,0,147,4,140,3,0,1,6887,59,6640,188,0,6,279,161,118,0,0,0,32,2,30,0,0,0,46,3,42,1,1,0,53,6,46,1,0,0,47,0,47,0,0,19,934,237,678,19,0,0,58,4,51,3,1,0,61,12,49,0,0,0,148,5,143,0,0,0,21,2,19,0,0,0,20,3,17,0,0,0,1383,25,1304,54,0,0,124,2,122,0,0,0,15,2,13,0,2,0,547,105,442,0
2020-06-08,0,22,996,341,651,4,0,0,147,3,141,3,1,0,6888,59,6641,188,0,4,283,165,118,0,0,0,32,2,30,0,0,0,46,2,43,1,0,0,53,6,46,1,0,0,47,0,47,0,1,7,942,243,680,19,0,0,58,4,51,3,0,0,61,12,49,0,0,0,148,5,143,0,0,0,21,2,19,0,0,0,20,3,17,0,0,0,1383,20,1309,54,0,0,124,2,122,0,0,0,15,2,13,0,3,0,550,107,443,0
2020-06-09,1,18,1015,347,664,4,0,0,147,3,141,3,0,0,6888,57,6643,188,0,3,286,165,121,0,0,0,32,2,30,0,0,0,46,2,43,1,0,0,53,6,46,1,0,0,47,0,47,0,1,12,955,255,680,20,0,0,58,4,51,3,0,0,61,12,49,0,1,1,150,7,143,0,0,0,21,2,19,0,0,0,20,3,17,0,0,0,1383,19,1310,54,0,1,125,2,123,0,0,0,15,2,13,0,0,0,550,101,449,0
2020-06-10,0,12,1027,358,665,4,0,0,147,3,141,3,0,0,6888,52,6648,188,0,8,294,167,127,0,0,0,32,2,30,0,0,0,46,2,43,1,0,0,53,5,47,1,0,0,47,0,47,0,1,20,976,272,682,22,0,1,59,5,51,3,0,0,61,12,49,0,0,0,150,7,143,0,0,0,21,2,19,0,0,0,20,2,18,0,0,0,1383,19,1310,54,0,2,127,4,123,0,0,0,15,2,13,0,6,0,556,101,455,0
2020-06-11,1,20,1048,369,675,4,0,0,147,3,141,3,0,0,6888,49,6651,188,1,5,300,164,136,0,0,0,32,2,30,0,0,0,46,2,43,1,0,0,53,5,47,1,0,0,47,0,47,0,1,15,992,279,691,22,0,0,59,5,51,3,0,0,61,9,52,0,0,0,150,7,143,0,0,0,21,2,19,0,0,0,20,2,18,0,0,0,1383,17,1312,54,0,0,127,4,123,0,0,0,15,2,13,0,2,0,558,96,462,0
2020-06-12,1,24,1073,389,680,4,0,0,147,3,141,3,0,1,6889,47,6653,189,1,0,301,161,140,0,0,0,32,2,30,0,0,0,46,2,43,1,0,0,53,5,47,1,0,0,47,0,47,0,1,18,1011,297,692,22,0,0,59,4,52,3,0,0,61,9,52,0,0,0,150,6,144,0,0,0,21,2,19,0,0,0,20,2,18,0,0,0,1383,17,1312,54,0,0,127,4,123,0,0,0,15,2,13,0,10,0,568,105,463,0
2020-06-13,0,29,1101,409,688,4,0,0,147,2,142,3,3,0,6892,44,6659,189,0,1,302,161,141,0,0,0,32,2,30,0,0,0,46,2,43,1,0,0,53,5,47,1,0,0,47,0,47,0,1,13,1025,307,696,22,0,0,59,4,52,3,0,0,61,9,52,0,0,1,151,7,144,0,0,0,21,2,19,0,0,0,20,2,18,0,0,0,1383,17,1312,54,0,0,127,4,123,0,0,0,15,1,14,0,1,0,569,105,464,0
2020-06-14,0,12,1113,420,689,4,0,0,147,2,142,3,1,1,6894,44,6661,189,0,8,310,163,147,0,0,0,32,2,30,0,0,0,46,2,43,1,0,0,53,5,47,1,0,0,47,0,47,0,1,9,1035,303,710,22,0,1,60,5,52,3,0,0,61,9,52,0,0,0,151,7,144,0,0,0,21,2,19,0,0,0,20,2,18,0,0,0,1383,16,1313,54,0,0,127,4,123,0,0,0,15,0,15,0,1,0,570,104,466,0
2020-06-15,1,6,1120,427,689,4,0,0,147,2,142,3,0,0,6894,38,6667,189,0,8,318,169,149,0,0,0,32,2,30,0,0,0,46,2,43,1,0,0,53,5,47,1,0,0,47,0,47,0,2,8,1045,310,713,22,0,0,60,5,52,3,0,0,61,9,52,0,0,2,152,8,144,0,0,0,21,2,19,0,0,0,20,2,18,0,0,0,1383,16,1313,54,3,0,130,6,124,0,0,0,15,0,15,0,7,0,577,111,466,0
2020-06-16,1,11,1132,425,703,4,1,0,148,3,142,3,0,0,6894,34,6671,189,0,2,320,167,152,1,0,0,32,0,32,0,0,3,49,5,43,1,0,0,53,5,47,1,0,0,47,0,47,0,1,4,1050,312,716,22,0,0,60,5,52,3,0,0,61,6,55,0,0,0,152,8,144,0,0,0,21,1,20,0,0,0,20,2,18,0,0,0,1383,16,1313,54,1,1,132,8,124,0,0,0,15,0,15,0,9,0,586,120,466,0
2020-06-17,1,12,1145,430,710,5,0,0,148,3,142,3,1,0,6895,34,6672,189,0,2,322,169,152,1,0,0,32,0,32,0,0,5,54,10,43,1,0,0,53,5,47,1,0,0,47,0,47,0,2,11,1063,321,720,22,0,0,60,5,52,3,0,0,61,6,55,0,0,1,153,9,144,0,0,0,21,1,20,0,0,0,20,2,18,0,0,0,1383,16,1313,54,0,0,132,8,124,0,1,0,16,1,15,0,7,0,593,125,468,0
2020-06-18,1,24,1170,446,718,6,0,0,148,3,142,3,1,0,6896,33,6674,189,1,0,323,164,158,1,0,0,32,0,32,0,0,7,61,16,44,1,0,0,53,4,48,1,0,1,48,1,47,0,1,15,1079,333,724,22,0,0,60,5,52,3,0,0,61,6,55,0,0,3,156,12,144,0,0,1,22,2,20,0,0,0,20,2,18,0,0,0,1383,13,1316,54,0,0,132,8,124,0,0,0,16,1,15,0,4,0,597,128,469,0
2020-06-19,1,17,1188,458,724,6,0,0,148,3,142,3,0,0,6896,31,6676,189,0,0,323,161,161,1,0,0,32,0,32,0,0,6,67,22,44,1,0,0,53,4,48,1,0,0,48,1,47,0,2,9,1090,331,737,22,0,0,60,5,52,3,0,0,61,6,55,0,0,0,156,12,144,0,0,0,22,2,20,0,0,0,20,2,18,0,0,0,1383,12,1317,54,0,0,132,8,124,0,3,0,19,4,15,0,11,0,608,129,479,0
2020-06-20,1,13,1202,466,730,6,2,0,150,5,142,3,0,2,6898,30,6679,189,1,4,328,162,165,1,0,0,32,0,32,0,0,5,72,27,44,1,0,0,53,4,48,1,0,0,48,1,47,0,7,10,1107,344,741,22,0,0,60,5,52,3,0,0,61,6,55,0,0,2,158,14,144,0,1,0,23,3,20,0,0,0,20,2,18,0,1,0,1384,11,1319,54,0,0,132,8,124,0,0,0,19,4,15,0,18,0,626,145,481,0
2020-06-21,1,16,1219,480,733,6,0,0,150,5,142,3,0,1,6899,30,6680,189,0,0,328,160,167,1,0,1,33,1,32,0,0,10,82,37,44,1,0,0,53,4,48,1,0,1,49,2,47,0,2,8,1117,351,744,22,0,2,62,7,52,3,0,0,61,6,55,0,0,1,159,15,144,0,0,0,23,3,20,0,0,0,20,2,18,0,0,0,1384,10,1320,54,1,0,133,9,124,0,0,0,19,4,15,0,4,0,630,147,483,0
2020-06-22,1,4,1224,485,733,6,0,0,150,5,142,3,0,1,6900,30,6681,189,1,0,329,159,169,1,0,0,33,1,32,0,0,0,82,37,44,1,0,0,53,4,48,1,0,0,49,2,47,0,3,3,1123,348,753,22,0,0,62,7,52,3,0,0,61,5,56,0,0,2,161,17,144,0,0,1,24,4,20,0,0,0,20,2,18,0,1,0,1385,11,1320,54,0,0,133,9,124,0,0,0,19,4,15,0,0,0,630,147,483,0
2020-06-23,0,6,1230,481,743,6,0,0,150,5,142,3,0,1,6901,26,6686,189,0,1,330,159,170,1,0,0,33,1,32,0,0,4,86,41,44,1,0,0,53,4,48,1,0,0,49,2,47,0,3,4,1130,349,758,23,0,0,62,7,52,3,1,0,62,6,56,0,0,0,161,17,144,0,0,0,24,4,20,0,0,0,20,2,18,0,0,0,1385,10,1321,54,0,0,133,9,124,0,0,0,19,4,15,0,26,0,656,168,488,0
2020-06-24,0,11,1241,488,747,6,2,0,152,7,142,3,2,0,6903,27,6687,189,0,3,333,158,174,1,0,0,33,1,32,0,0,8,94,49,44,1,0,2,55,6,48,1,0,0,49,2,47,0,2,5,1137,353,761,23,0,1,63,8,52,3,0,0,62,6,56,0,0,1,162,16,146,0,1,0,25,5,20,0,0,0,20,2,18,0,1,0,1386,11,1321,54,0,0,133,9,124,0,0,0,19,4,15,0,12,0,668,172,496,0
2020-06-25,1,8,1250,482,761,7,0,0,152,7,142,3,0,0,6903,25,6689,189,0,1,334,151,182,1,0,0,33,1,32,0,0,4,98,53,44,1,0,0,55,6,48,1,0,0,49,2,47,0,0,9,1146,346,777,23,0,0,63,8,52,3,0,0,62,5,57,0,0,1,163,17,146,0,0,0,25,5,20,0,0,0,20,2,18,0,0,0,1386,11,1321,54,0,0,133,8,125,0,0,0,19,3,16,0,4,0,672,175,497,0
2020-06-26,1,16,1267,417,843,7,0,0,152,7,142,3,0,0,6903,19,6695,189,1,1,336,104,231,1,0,0,33,1,32,0,0,4,102,57,44,1,0,0,55,5,49,1,0,0,49,2,47,0,2,2,1150,313,814,23,0,1,64,9,52,3,0,0,62,2,60,0,0,3,166,18,148,0,0,0,25,5,20,0,0,0,20,2,18,0,1,0,1387,6,1327,54,0,0,133,8,125,0,0,0,19,3,16,0,7,0,679,170,509,0
2020-06-27,2,15,1284,366,911,7,0,0,152,7,142,3,0,1,6904,15,6700,189,1,0,337,85,250,1,0,0,33,1,32,0,0,2,104,59,44,1,0,0,55,4,50,1,0,0,49,2,47,0,5,12,1167,287,858,23,0,0,64,9,52,3,1,0,63,3,60,0,0,0,166,18,148,0,0,1,26,6,20,0,0,0,20,1,19,0,0,0,1387,5,1328,54,0,0,133,5,128,0,0,0,19,3,16,0,11,0,690,178,512,0
2020-06-28,1,13,1298,368,923,7,0,0,152,6,143,3,0,0,6904,15,6700,189,0,0,337,72,264,1,0,4,37,5,32,0,0,6,110,65,44,1,0,0,55,4,50,1,0,0,49,2,47,0,4,13,1184,288,873,23,0,0,64,8,53,3,0,1,64,4,60,0,1,0,167,19,148,0,0,0,26,5,21,0,0,3,23,4,19,0,0,0,1387,5,1328,54,0,0,133,5,128,0,0,0,19,3,16,0,16,0,706,191,515,0
2020-06-29,1,6,1305,356,942,7,0,1,153,7,143,3,0,2,6906,17,6700,189,0,1,338,53,284,1,1,3,41,9,32,0,0,2,112,67,44,1,0,0,55,4,50,1,0,0,49,2,47,0,2,14,1200,289,888,23,0,0,64,7,54,3,0,0,64,4,60,0,0,0,167,17,150,0,0,1,27,6,21,0,1,0,24,5,19,0,1,0,1388,6,1328,54,1,0,134,6,128,0,0,0,19,3,16,0,5,0,711,188,523,0
2020-06-30,1,6,1312,320,985,7,1,0,154,9,142,3,0,0,6906,17,6700,189,3,0,341,50,290,1,0,3,44,12,32,0,0,5,117,72,44,1,0,0,55,4,50,1,1,0,50,3,47,0,0,7,1207,253,931,23,0,1,65,8,54,3,0,1,65,5,60,0,0,0,167,17,150,0,0,0,27,6,21,0,0,0,24,5,19,0,1,0,1389,7,1328,54,0,0,134,6,128,0,0,0,19,3,16,0,13,0,724,184,540,0
2020-07-01,0,9,1321,288,1026,7,0,0,154,9,142,3,0,1,6907,18,6700,189,2,0,343,48,294,1,0,12,56,24,32,0,1,3,121,76,44,1,0,0,55,2,52,1,0,0,50,3,47,0,5,11,1223,249,951,23,0,0,65,7,55,3,0,0,64,4,60,0,1,0,168,18,150,0,0,0,27,6,21,0,1,0,25,6,19,0,0,0,1389,7,1328,54,0,0,134,6,128,0,0,0,19,3,16,0,5,0,729,181,548,0
2020-07-02,0,13,1334,273,1054,7,0,0,154,5,146,3,2,1,6910,19,6702,189,0,0,343,40,302,1,0,22,78,46,32,0,0,1,122,77,44,1,0,0,55,2,52,1,0,0,50,3,47,0,5,5,1233,243,967,23,0,0,65,7,55,3,0,0,64,3,61,0,1,2,171,21,150,0,0,0,27,5,22,0,0,0,25,6,19,0,0,0,1389,7,1328,54,0,0,134,6,128,0,0,0,19,3,16,0,2,0,731,172,559,0
2020-07-03,0,12,1346,254,1085,7,0,0,154,5,146,3,3,10,6923,31,6703,189,0,1,344,32,311,1,0,6,84,52,32,0,0,4,126,80,45,1,0,0,55,2,52,1,0,0,50,3,47,0,2,16,1251,241,987,23,0,0,65,7,55,3,0,0,64,3,61,0,0,1,172,22,150,0,0,1,28,6,22,0,0,0,25,6,19,0,0,1,1390,7,1329,54,2,0,136,7,129,0,0,0,19,3,16,0,4,0,735,165,570,0
2020-07-04,1,6,1353,242,1103,8,1,0,155,6,146,3,0,1,6924,28,6707,189,2,0,346,28,317,1,0,8,92,60,32,0,0,3,129,83,45,1,0,0,55,2,52,1,0,0,50,3,47,0,4,15,1270,244,1003,23,0,0,65,7,55,3,0,2,66,5,61,0,0,0,172,22,150,0,0,0,28,6,22,0,0,0,25,6,19,0,0,1,1391,7,1330,54,1,0,137,8,129,0,0,0,19,1,18,0,18,0,753,178,575,0
2020-07-05,2,14,1369,256,1105,8,0,0,155,6,146,3,0,0,6924,28,6707,189,0,0,346,26,319,1,1,15,108,75,33,0,0,8,137,88,48,1,0,0,55,2,52,1,0,0,50,3,47,0,4,4,1278,242,1013,23,0,1,66,8,55,3,0,0,66,5,61,0,0,0,172,21,151,0,1,0,29,7,22,0,0,0,25,6,19,0,0,1,1392,8,1330,54,0,0,137,8,129,0,1,0,20,2,18,0,9,0,762,185,577,0
2020-07-06,1,2,1372,254,1110,8,1,0,156,7,146,3,2,0,6924,28,6707,189,1,5,352,32,319,1,0,7,115,82,33,0,0,2,139,88,49,2,0,0,55,1,53,1,0,0,50,2,48,0,1,5,1284,244,1017,23,1,0,67,9,55,3,0,0,66,5,61,0,0,1,173,21,152,0,0,0,29,7,22,0,0,2,27,8,19,0,1,0,1393,9,1330,54,1,0,138,9,129,0,0,0,20,2,18,0,15,0,777,197,580,0
2020-07-07,0,3,1375,223,1144,8,0,0,156,7,146,3,1,0,6925,28,6708,189,0,2,354,34,319,1,0,6,121,88,33,0,0,2,141,89,50,2,0,0,55,1,53,1,0,0,50,2,48,0,6,7,1297,239,1034,24,0,0,67,9,55,3,0,0,66,4,62,0,0,0,173,21,152,0,1,0,30,8,22,0,0,0,27,8,19,0,0,0,1393,9,1330,54,0,0,138,9,129,0,0,0,20,2,18,0,16,0,793,201,592,0
2020-07-08,5,5,1385,217,1160,8,0,0,156,7,146,3,1,0,6926,29,6708,189,0,1,355,32,322,1,1,7,129,94,35,0,0,2,143,86,55,2,0,0,55,1,53,1,0,0,50,1,49,0,7,11,1315,236,1055,24,0,0,67,9,55,3,0,0,66,4,62,0,3,3,179,26,153,0,2,0,32,10,22,0,0,1,28,9,19,0,1,0,1394,10,1330,54,2,0,140,11,129,0,0,0,20,2,18,0,11,0,804,205,599,0
2020-07-09,4,4,1393,213,1171,9,0,0,156,7,146,3,0,0,6926,28,6709,189,1,2,358,34,323,1,0,15,144,109,35,0,0,6,149,86,61,2,0,0,55,1,53,1,0,0,50,1,49,0,7,1,1323,227,1071,25,0,0,67,8,56,3,0,0,66,3,63,0,1,0,180,26,154,0,1,0,33,11,22,0,1,0,29,10,19,0,0,0,1393,7,1332,54,2,0,142,11,131,0,0,0,20,2,18,0,5,0,809,203,606,0
2020-07-10,1,7,1401,210,1182,9,0,0,156,7,146,3,0,0,6926,27,6710,189,1,0,359,34,323,2,0,3,147,110,37,0,0,7,156,88,66,2,0,0,55,1,53,1,0,0,50,1,49,0,11,3,1337,234,1078,25,0,0,67,8,56,3,2,0,68,5,63,0,0,0,180,25,155,0,0,0,33,11,22,0,1,2,32,13,19,0,0,0,1393,6,1333,54,3,0,145,12,133,0,0,0,20,2,18,0,4,0,813,191,622,0
2020-07-11,2,6,1409,202,1198,9,0,0,156,7,146,3,0,0,6926,25,6712,189,0,1,360,29,329,2,0,9,156,116,40,0,0,2,158,74,82,2,0,0,55,1,53,1,0,0,50,0,50,0,2,2,1341,220,1096,25,0,0,67,8,56,3,0,0,68,5,63,0,1,0,181,22,159,0,2,0,35,13,22,0,0,0,32,13,19,0,0,0,1393,6,1333,54,0,0,145,12,133,0,0,0,20,2,18,0,8,0,821,186,635,0
2020-07-12,0,7,1416,198,1209,9,0,0,156,5,148,3,0,0,6926,25,6712,189,0,0,360,28,330,2,0,5,161,118,43,0,0,1,159,72,85,2,0,0,55,1,53,1,0,0,50,0,50,0,9,8,1358,229,1103,26,0,0,67,7,57,3,0,0,68,5,63,0,0,0,181,22,159,0,1,0,36,14,22,0,0,0,32,13,19,0,0,0,1393,6,1333,54,1,0,146,13,133,0,0,0,20,2,18,0,12,0,833,192,641,0
2020-07-13,3,10,1429,203,1217,9,0,0,156,5,148,3,1,0,6927,23,6715,189,3,0,363,29,332,2,1,6,168,124,44,0,0,0,159,72,85,2,0,0,55,1,53,1,0,0,50,0,50,0,8,3,1369,237,1106,26,2,0,69,9,57,3,1,0,69,6,63,0,4,0,185,22,163,0,0,0,36,13,23,0,0,0,32,12,20,0,0,0,1393,6,1333,54,2,0,148,14,134,0,0,0,20,2,18,0,18,0,851,208,643,0
2020-07-14,0,7,1436,183,1244,9,0,0,156,5,148,3,0,0,6927,18,6720,189,0,0,363,26,335,2,1,0,169,115,54,0,1,0,160,71,87,2,0,0,55,1,53,1,0,0,50,0,50,0,5,4,1378,221,1131,26,0,0,69,9,57,3,0,1,70,7,63,0,0,0,185,20,165,0,0,2,38,15,23,0,0,0,32,12,20,0,0,0,1393,6,1333,54,0,0,148,14,134,0,0,0,20,2,18,0,12,0,863,216,647,0
2020-07-15,0,6,1442,158,1275,9,0,0,156,5,148,3,0,0,6927,18,6720,189,1,0,364,26,336,2,0,1,170,113,57,0,2,1,163,70,91,2,0,0,55,1,53,1,0,0,50,0,50,0,2,3,1383,208,1149,26,0,0,69,8,58,3,0,0,70,7,63,0,0,0,185,18,167,0,0,0,38,15,23,0,0,0,32,12,20,0,0,0,1393,5,1334,54,0,0,148,14,134,0,0,0,20,2,18,0,23,0,886,234,652,0
2020-07-16,1,6,1449,154,1286,9,0,0,156,5,148,3,2,0,6929,17,6723,189,1,2,367,29,336,2,0,1,171,108,63,0,0,1,164,66,96,2,1,0,56,2,53,1,0,0,50,0,50,0,18,3,1404,211,1165,28,2,1,72,11,58,3,1,0,71,8,63,0,0,0,185,18,167,0,0,0,38,15,23,0,0,0,32,12,20,0,0,0,1393,4,1335,54,1,0,149,15,134,0,0,0,20,2,18,0,20,0,906,248,658,0
2020-07-17,2,7,1458,149,1300,9,0,0,156,5,148,3,0,0,6929,15,6725,189,0,0,367,24,341,2,0,5,176,104,71,1,0,1,165,64,99,2,0,0,56,2,53,1,0,0,50,0,50,0,10,5,1419,205,1185,29,0,0,72,11,58,3,0,0,71,7,64,0,0,0,185,16,169,0,0,0,38,14,24,0,0,0,32,11,21,0,0,0,1393,4,1335,54,2,0,151,17,134,0,0,3,23,5,18,0,25,0,931,266,665,0
2020-07-18,0,6,1464,137,1318,9,1,0,157,5,149,3,3,0,6932,16,6726,190,1,1,369,25,342,2,0,0,176,98,77,1,0,0,165,55,108,2,0,1,57,3,53,1,0,0,50,0,50,0,8,2,1429,199,1201,29,0,0,72,11,58,3,0,0,71,7,64,0,0,0,185,15,170,0,0,0,38,14,24,0,1,0,33,12,21,0,0,0,1393,4,1335,54,2,0,153,19,134,0,0,1,24,6,18,0,12,0,943,272,671,0
2020-07-19,0,10,1474,144,1320,10,0,0,157,5,149,3,0,0,6932,15,6727,190,1,0,370,23,345,2,0,10,186,98,87,1,0,1,166,53,111,2,0,0,57,3,53,1,0,0,50,0,50,0,4,0,1433,195,1209,29,0,0,72,11,58,3,0,0,71,7,64,0,0,0,185,15,170,0,0,0,38,14,24,0,0,0,33,12,21,0,0,0,1393,4,1335,54,0,0,153,14,139,0,1,0,25,7,18,0,7,0,950,274,676,0
2020-07-20,1,2,1477,145,1322,10,0,0,157,5,149,3,2,0,6934,16,6728,190,2,0,372,22,348,2,0,1,187,96,89,2,0,0,166,53,111,2,0,0,57,3,53,1,0,0,50,0,50,0,1,0,1434,189,1216,29,0,0,72,11,58,3,0,0,71,7,64,0,1,0,186,16,170,0,1,0,39,15,24,0,1,1,35,14,21,0,1,0,1394,4,1336,54,2,0,155,16,139,0,0,0,25,7,18,0,10,0,960,284,676,0
2020-07-21,3,18,1498,148,1340,10,0,0,157,5,149,3,2,0,6936,16,6730,190,0,0,372,21,349,2,0,0,187,91,94,2,0,0,166,42,122,2,0,0,57,3,53,1,0,0,50,0,50,0,1,1,1436,180,1227,29,0,0,72,11,58,3,0,0,71,5,66,0,0,0,186,12,174,0,0,0,39,15,24,0,0,0,35,14,21,0,1,0,1395,5,1336,54,0,0,155,13,142,0,0,1,26,8,18,0,18,0,978,288,690,0
2020-07-22,0,16,1514,157,1346,11,0,0,157,5,149,3,1,0,6937,17,6730,190,1,4,377,26,349,2,3,1,191,88,101,2,0,0,166,29,135,2,0,0,57,3,53,1,0,0,50,0,50,0,7,8,1451,185,1237,29,0,0,72,10,59,3,1,0,72,6,66,0,1,0,187,8,179,0,0,0,39,12,27,0,0,0,35,14,21,0,0,0,1395,3,1338,54,1,0,156,14,142,0,0,0,26,8,18,0,19,0,997,299,698,0
2020-07-23,1,11,1526,154,1361,11,2,0,159,6,150,3,0,0,6937,17,6730,190,1,2,380,26,352,2,0,9,200,86,112,2,0,0,166,25,139,2,0,0,57,3,53,1,0,0,50,0,50,0,11,17,1479,200,1250,29,0,0,72,10,59,3,0,0,72,5,67,0,0,0,187,8,179,0,0,0,39,12,27,0,0,0,35,12,23,0,0,0,1395,3,1338,54,0,0,156,12,144,0,0,0,26,8,18,0,5,0,1002,296,706,0
2020-07-24,2,19,1547,168,1368,11,0,2,161,8,150,3,2,0,6939,18,6730,191,0,0,380,23,355,2,0,2,202,85,115,2,0,0,166,22,142,2,0,0,57,3,53,1,0,0,50,0,50,0,3,5,1487,198,1260,29,0,0,72,9,60,3,0,0,72,5,67,0,0,0,187,5,182,0,0,0,39,12,27,0,0,0,35,11,24,0,1,0,1396,4,1338,54,2,0,158,13,145,0,0,0,26,8,18,0,3,0,1005,272,733,0
2020-07-25,0,11,1558,166,1381,11,0,5,166,12,151,3,0,0,6939,16,6732,191,0,0,380,21,357,2,0,0,202,81,119,2,0,0,166,18,146,2,1,0,58,4,53,1,0,0,50,0,50,0,3,11,1501,206,1266,29,0,0,72,7,62,3,0,0,72,5,67,0,0,0,187,5,182,0,0,0,39,9,30,0,1,0,36,12,24,0,0,0,1396,3,1339,54,0,0,158,13,145,0,0,0,26,7,19,0,81,0,1086,343,743,0
2020-07-26,2,5,1565,171,1383,11,0,1,167,13,151,3,0,0,6939,16,6732,191,0,0,380,21,357,2,0,1,203,79,122,2,0,0,166,16,148,2,0,0,58,4,53,1,0,0,50,0,50,0,2,5,1508,202,1277,29,0,0,72,5,64,3,0,0,72,5,67,0,0,0,187,5,182,0,0,0,39,9,30,0,0,0,36,12,24,0,0,0,1396,3,1339,54,0,0,158,12,146,0,0,0,26,7,19,0,42,0,1128,382,746,0
2020-07-27,3,6,1574,179,1384,11,0,1,168,14,151,3,0,0,6939,16,6732,191,0,0,380,21,357,2,0,0,203,78,123,2,0,0,166,15,149,2,0,0,58,4,53,1,0,0,50,0,50,0,4,2,1514,200,1285,29,0,0,72,5,64,3,1,0,73,6,67,0,1,0,188,4,183,1,0,0,39,9,30,0,0,0,36,12,24,0,0,0,1396,3,1339,54,0,0,158,12,146,0,0,0,26,7,19,0,7,0,1135,386,749,0
2020-07-28,3,3,1580,169,1400,11,1,1,170,16,151,3,0,0,6939,11,6737,191,0,0,380,21,357,2,0,0,203,74,127,2,0,0,166,13,151,2,0,0,58,4,53,1,0,0,50,0,50,0,5,1,1520,199,1291,30,0,0,72,5,64,3,0,0,73,6,67,0,1,0,189,5,183,1,0,0,39,8,31,0,2,0,38,14,24,0,1,0,1397,4,1339,54,0,0,158,10,148,0,0,0,26,7,19,0,10,0,1145,330,815,0
2020-07-29,2,7,1589,168,1410,11,0,1,171,17,151,3,0,0,6939,9,6739,191,2,1,383,22,359,2,1,0,204,70,132,2,0,0,166,11,153,2,1,0,59,5,53,1,0,0,50,0,50,0,6,5,1531,189,1312,30,0,0,72,4,65,3,0,0,73,4,69,0,0,0,189,5,183,1,0,0,39,8,31,0,0,0,38,14,24,0,1,0,1398,5,1339,54,0,0,158,10,148,0,0,0,26,5,21,0,21,0,1166,336,830,0
2020-07-30,0,3,1592,164,1417,11,0,0,171,15,153,3,0,0,6939,7,6741,191,0,0,383,20,361,2,0,0,204,69,133,2,0,0,166,7,157,2,0,0,59,5,53,1,0,0,50,0,50,0,1,4,1536,185,1321,30,0,0,72,4,65,3,0,0,73,3,70,0,0,0,189,4,184,1,0,0,39,7,32,0,0,0,38,14,24,0,1,0,1399,6,1339,54,1,0,159,11,148,0,0,0,26,5,21,0,8,0,1174,311,863,0
2020-07-31,0,8,1600,165,1424,11,0,0,171,14,154,3,1,0,6940,6,6743,191,0,0,383,15,366,2,0,0,204,67,135,2,0,0,166,7,157,2,0,0,59,5,53,1,0,0,50,0,50,0,6,4,1546,188,1327,31,0,2,74,4,67,3,0,0,73,3,70,0,1,0,190,4,185,1,0,0,39,6,33,0,0,0,38,14,24,0,2,0,1401,8,1339,54,0,0,159,10,149,0,0,0,26,5,21,0,12,0,1186,300,886,0
2020-08-01,0,2,1602,157,1434,11,1,0,172,15,154,3,0,0,6940,4,6745,191,1,0,384,16,366,2,0,0,204,60,142,2,0,0,166,5,159,2,0,0,59,5,53,1,0,0,50,0,50,0,2,5,1553,186,1336,31,0,0,74,4,67,3,0,0,73,3,70,0,0,0,190,4,185,1,0,0,39,6,33,0,0,0,38,14,24,0,0,1,1402,9,1339,54,0,0,159,10,149,0,0,0,26,5,21,0,19,0,1205,299,906,0
2020-08-02,0,5,1607,154,1442,11,0,1,173,16,154,3,2,0,6942,6,6745,191,0,0,384,16,366,2,1,0,205,60,143,2,0,0,166,5,159,2,0,0,59,4,54,1,0,0,50,0,50,0,2,1,1556,184,1341,31,0,0,74,4,67,3,0,0,73,3,70,0,0,0,190,4,185,1,0,0,39,5,34,0,0,0,38,14,24,0,0,1,1403,10,1339,54,0,0,159,6,153,0,0,0,26,5,21,0,17,0,1222,310,912,0
2020-08-03,3,2,1612,152,1449,11,0,0,173,16,154,3,0,0,6942,6,6745,191,0,0,384,16,366,2,0,0,205,57,146,2,0,0,166,4,160,2,0,0,59,4,54,1,0,0,50,0,50,0,0,1,1557,184,1342,31,0,0,74,4,67,3,0,0,73,3,70,0,0,0,190,4,185,1,0,0,39,4,35,0,0,0,38,14,24,0,1,0,1404,11,1339,54,2,0,161,8,153,0,0,0,26,5,21,0,14,0,1236,316,920,0
2020-08-04,3,6,1621,147,1463,11,0,1,174,17,154,3,0,0,6942,5,6746,191,0,1,385,17,366,2,1,1,207,54,151,2,0,0,166,4,160,2,0,0,59,4,54,1,0,0,50,0,50,0,8,3,1568,185,1352,31,0,0,74,4,67,3,1,0,74,4,70,0,0,0,190,4,185,1,0,0,39,4,35,0,1,0,39,15,24,0,0,1,1405,10,1341,54,0,0,161,6,155,0,0,0,26,5,21,0,7,0,1243,285,958,0
2020-08-05,1,5,1627,140,1475,12,0,0,174,17,154,3,1,0,6943,6,6746,191,0,1,386,18,366,2,1,0,208,50,156,2,0,0,166,4,160,2,0,0,59,2,56,1,0,0,50,0,50,0,5,2,1575,186,1358,31,1,0,75,4,68,3,0,6,80,10,70,0,0,0,190,4,185,1,0,0,39,3,36,0,0,0,39,14,25,0,0,0,1405,10,1341,54,3,1,165,10,155,0,0,0,26,5,21,0,6,0,1249,265,984,0
2020-08-06,5,4,1636,136,1488,12,3,0,177,20,154,3,0,0,6943,6,6746,191,0,0,386,16,368,2,0,0,208,42,164,2,0,0,166,4,160,2,0,0,59,2,56,1,0,0,50,0,50,0,11,2,1588,160,1397,31,0,2,77,6,68,3,0,1,81,10,71,0,1,1,192,4,187,1,0,0,39,3,36,0,1,1,41,16,25,0,2,2,1409,14,1341,54,0,1,166,10,156,0,0,0,26,5,21,0,0,6,1255,242,1013,0
2020-08-07,3,6,1645,130,1502,13,0,0,177,20,154,3,0,0,6943,5,6747,191,0,0,386,16,368,2,0,0,208,38,168,2,0,0,166,3,161,2,0,0,59,2,56,1,0,0,50,0,50,0,2,3,1593,153,1409,31,0,0,77,6,68,3,0,0,81,10,71,0,0,0,192,4,187,1,0,0,39,2,37,0,0,0,41,16,25,0,1,0,1410,14,1342,54,0,0,166,10,156,0,0,0,26,5,21,0,5,0,1260,239,1021,0
2020-08-08,1,16,1662,135,1514,13,0,0,177,20,154,3,1,0,6944,5,6748,191,0,2,388,14,372,2,0,0,208,35,171,2,0,0,166,2,162,2,0,0,59,2,56,1,0,0,50,0,50,0,6,12,1611,151,1428,32,0,0,77,6,68,3,0,0,81,10,71,0,0,0,192,3,188,1,0,0,39,2,37,0,0,0,41,15,26,0,0,0,1410,14,1342,54,0,0,166,9,157,0,0,0,26,5,21,0,5,0,1265,201,1064,0
2020-08-09,2,11,1675,147,1515,13,0,0,177,20,154,3,1,0,6945,6,6748,191,0,1,389,15,371,3,0,2,210,35,173,2,0,0,166,2,162,2,1,0,60,3,56,1,0,0,50,0,50,0,1,14,1626,162,1432,32,0,0,77,6,68,3,0,1,82,11,71,0,0,1,193,4,188,1,0,0,39,2,37,0,0,0,41,15,26,0,0,0,1410,14,1342,54,0,0,166,9,157,0,0,0,26,4,22,0,1,0,1266,196,1070,0
2020-08-10,2,11,1688,159,1516,13,0,1,178,18,157,3,0,0,6945,6,6748,191,0,0,389,15,371,3,0,0,210,32,176,2,0,0,166,2,162,2,0,0,60,3,56,1,0,0,50,0,50,0,1,5,1632,165,1435,32,0,0,77,6,68,3,0,0,82,11,71,0,0,0,193,4,188,1,0,0,39,2,37,0,1,0,42,15,27,0,1,0,1411,15,1342,54,0,0,166,9,157,0,0,0,26,4,22,0,6,0,1272,197,1075,0
2020-08-11,0,6,1694,147,1534,13,0,9,187,26,158,3,0,0,6945,6,6748,191,0,0,389,15,371,3,0,0,210,28,180,2,0,0,166,0,164,2,0,0,60,3,56,1,0,0,50,0,50,0,6,7,1645,174,1439,32,0,0,77,6,68,3,0,0,82,11,71,0,1,1,195,5,189,1,1,0,40,3,37,0,0,0,42,13,29,0,0,0,1411,12,1345,54,0,0,166,9,157,0,0,0,26,4,22,0,3,0,1275,164,1111,0
2020-08-12,2,13,1709,147,1549,13,1,3,191,28,160,3,0,0,6945,6,6748,191,0,0,389,12,374,3,6,0,216,28,186,2,1,0,167,1,164,2,0,0,60,3,56,1,0,0,50,0,50,0,0,19,1664,174,1458,32,0,0,77,6,68,3,0,0,82,11,71,0,1,0,196,6,189,1,0,0,40,3,37,0,0,0,42,13,29,0,0,0,1411,12,1345,54,0,0,166,9,157,0,0,0,26,4,22,0,8,0,1283,160,1123,0
2020-08-13,1,25,1735,166,1556,13,0,2,193,30,160,3,1,0,6946,6,6749,191,0,0,389,12,374,3,1,1,218,29,187,2,0,0,167,1,164,2,0,1,61,4,56,1,0,0,50,0,50,0,1,16,1681,186,1463,32,0,0,77,4,70,3,0,0,82,9,73,0,0,1,197,7,189,1,2,0,42,5,37,0,0,0,42,11,31,0,0,0,1411,11,1346,54,0,1,167,10,157,0,0,0,26,4,22,0,3,0,1286,153,1133,0
2020-08-14,1,31,1767,190,1564,13,0,5,198,35,160,3,0,0,6946,6,6749,191,1,3,393,11,379,3,0,2,220,27,191,2,0,0,167,1,164,2,0,1,62,5,56,1,0,0,50,0,50,0,9,38,1728,217,1479,32,0,1,78,5,70,3,0,0,82,9,73,0,0,3,200,10,189,1,0,0,42,5,37,0,0,0,42,11,31,0,0,1,1412,12,1346,54,0,0,167,8,159,0,0,0,26,4,22,0,7,0,1293,149,1144,0
2020-08-15,2,72,1841,257,1571,13,0,3,201,36,162,3,0,0,6946,4,6751,191,0,6,399,16,380,3,0,1,221,25,194,2,0,1,168,2,164,2,0,0,62,5,56,1,0,0,50,0,50,0,5,67,1800,285,1483,32,0,3,81,6,72,3,0,0,82,9,73,0,1,1,202,12,189,1,1,0,43,5,38,0,0,0,42,10,32,0,0,0,1412,12,1346,54,0,1,168,9,159,0,0,0,26,3,23,0,2,0,1295,137,1158,0
2020-08-16,5,141,1987,257,1571,13,1,6,208,36,162,3,0,1,6947,4,6751,191,1,8,408,16,380,3,0,7,228,25,194,2,0,0,168,2,164,2,2,1,65,5,56,1,0,0,50,0,50,0,2,96,1898,285,1483,32,0,0,81,6,72,3,0,1,83,9,73,0,0,5,207,12,189,1,0,0,43,5,38,0,0,0,42,10,32,0,0,0,1412,12,1346,54,1,1,170,9,159,0,0,0,26,3,23,0,0,0,1295,137,1158,0
2020-08-17,1,89,2077,493,1571,13,0,7,215,50,162,3,0,1,6948,5,6752,191,0,7,415,32,380,3,0,7,235,36,197,2,0,2,170,4,164,2,0,0,65,8,56,1,0,0,50,0,50,0,3,67,1968,451,1485,32,0,1,82,7,72,3,1,2,86,13,73,0,1,3,211,19,191,1,0,1,44,6,38,0,0,0,42,10,32,0,1,1,1414,12,1348,54,0,0,170,9,161,0,0,0,26,3,23,0,2,0,1297,135,1162,0
2020-08-18,1,131,2209,622,1573,14,0,7,222,56,163,3,0,6,6954,11,6752,191,0,18,433,49,381,3,1,3,239,39,198,2,0,0,170,4,164,2,1,2,68,11,56,1,0,0,50,0,50,0,0,52,2020,500,1488,32,0,2,84,9,72,3,0,1,87,14,73,0,1,4,216,24,191,1,1,6,51,13,38,0,0,0,42,10,32,0,0,3,1417,12,1351,54,0,0,170,7,163,0,0,0,26,3,23,0,6,0,1303,137,1166,0
2020-08-19,1,150,2360,758,1588,14,0,9,231,64,164,3,0,2,6956,13,6752,191,0,8,441,57,381,3,2,4,245,43,200,2,0,0,170,4,164,2,0,0,68,11,56,1,1,1,52,2,50,0,5,94,2119,585,1502,32,1,5,90,13,74,3,1,1,89,12,77,0,0,3,219,27,191,1,0,1,52,14,38,0,0,2,44,12,32,0,0,3,1420,13,1353,54,1,0,171,6,165,0,0,0,26,2,24,0,2,0,1305,110,1195,0
2020-08-20,0,135,2495,879,1601,15,0,15,246,77,166,3,1,2,6959,16,6752,191,0,10,451,66,382,3,0,1,246,37,207,2,0,8,178,12,164,2,0,0,68,10,57,1,1,0,53,3,50,0,4,81,2204,654,1518,32,0,5,95,18,74,3,0,1,90,12,78,0,1,4,224,32,191,1,1,5,58,20,38,0,1,2,47,12,35,0,0,5,1425,17,1354,54,1,2,174,9,165,0,0,0,26,2,24,0,2,0,1307,100,1207,0
2020-08-21,1,125,2621,983,1622,16,0,8,254,84,167,3,0,4,6963,20,6752,191,1,17,469,83,383,3,0,5,251,42,207,2,1,6,185,19,164,2,0,1,69,11,57,1,0,3,56,6,50,0,1,102,2307,741,1533,33,0,9,104,27,74,3,0,3,93,15,78,0,2,11,237,44,192,1,0,5,63,25,38,0,0,6,53,18,35,0,0,6,1431,23,1354,54,0,4,178,13,165,0,0,0,26,2,24,0,3,0,1310,85,1225,0
2020-08-22,1,127,2749,1094,1639,16,0,3,257,82,172,3,0,9,6972,28,6753,191,1,21,491,104,384,3,2,9,262,52,208,2,1,4,190,24,164,2,2,1,72,13,58,1,0,1,57,7,50,0,4,91,2402,819,1550,33,0,16,120,43,74,3,0,2,95,17,78,0,1,6,244,51,192,1,0,4,67,29,38,0,0,7,60,22,38,0,0,4,1435,27,1354,54,1,8,187,22,165,0,0,2,28,3,25,0,4,0,1314,87,1227,0
2020-08-23,2,138,2889,1234,1639,16,0,2,259,83,173,3,0,6,6978,34,6753,191,0,32,523,135,385,3,2,15,279,65,212,2,0,15,205,39,164,2,0,3,75,16,58,1,0,0,57,7,50,0,1,124,2527,927,1567,33,0,15,135,58,74,3,0,3,98,19,79,0,0,10,254,58,195,1,0,0,67,29,38,0,0,14,74,35,39,0,0,2,1437,28,1355,54,1,8,196,30,166,0,0,0,28,3,25,0,4,0,1318,90,1228,0
2020-08-24,0,97,2986,1331,1639,16,0,3,262,86,173,3,0,0,6978,33,6754,191,0,20,543,155,385,3,0,1,280,64,214,2,0,10,215,49,164,2,0,1,76,17,58,1,2,1,60,10,50,0,1,84,2612,1000,1579,33,0,6,141,64,74,3,0,10,108,29,79,0,1,7,262,65,196,1,0,4,71,32,39,0,0,7,81,42,39,0,0,6,1443,34,1355,54,0,1,197,31,166,0,0,0,28,3,25,0,4,0,1322,92,1230,0
2020-08-25,0,134,3120,1433,1671,16,0,3,265,89,173,3,0,5,6983,37,6755,191,0,15,558,170,385,3,0,4,284,68,214,2,1,10,226,60,164,2,0,0,76,16,59,1,0,3,63,13,50,0,9,63,2684,1053,1598,33,0,8,149,72,74,3,2,0,110,30,79,1,0,9,271,73,197,1,0,4,75,36,39,0,0,1,82,43,39,0,1,0,1444,35,1355,54,0,2,199,33,166,0,0,3,31,6,25,0,3,0,1325,82,1243,0
2020-08-26,2,110,3232,1516,1699,17,0,4,269,86,180,3,1,2,6986,40,6755,191,0,27,585,197,385,3,0,7,291,73,216,2,0,7,233,67,164,2,0,2,78,17,60,1,0,0,63,13,50,0,6,92,2782,1119,1629,34,0,18,167,87,77,3,0,0,110,30,79,1,0,12,283,82,200,1,0,7,82,43,39,0,1,12,95,56,39,0,0,0,1444,34,1356,54,0,5,204,38,166,0,0,2,33,8,25,0,3,0,1328,79,1249,0
2020-08-27,0,154,3386,1636,1733,17,0,8,277,89,185,3,1,12,6999,53,6755,191,0,59,644,255,386,3,0,39,330,110,218,2,0,3,236,70,164,2,0,2,80,18,61,1,0,0,63,13,50,0,2,100,2884,1179,1670,35,0,14,181,100,78,3,0,1,111,30,80,1,0,15,298,96,201,1,0,2,84,45,39,0,0,13,108,69,39,0,1,3,1448,38,1356,54,0,8,212,46,166,0,0,1,34,9,25,0,3,0,1331,76,1255,0
2020-08-28,1,145,3532,1751,1762,19,0,8,285,91,191,3,0,8,7007,61,6755,191,0,27,671,276,392,3,0,17,347,125,220,2,0,3,239,73,164,2,0,1,81,19,61,1,0,2,65,15,50,0,1,112,2997,1255,1706,36,0,3,184,103,78,3,0,5,116,34,81,1,0,9,307,105,201,1,0,2,86,45,41,0,0,12,120,80,40,0,0,1,1449,39,1356,54,2,2,216,50,166,0,0,2,36,11,25,0,8,0,1339,77,1262,0
2020-08-29,1,124,3657,1750,1887,20,1,5,291,95,193,3,1,5,7013,67,6755,191,0,20,691,292,396,3,2,14,363,141,220,2,0,4,243,76,165,2,0,0,81,17,63,1,0,0,65,14,51,0,4,100,3101,1283,1778,40,0,0,184,103,78,3,0,6,122,40,81,1,0,8,315,110,204,1,0,0,86,45,41,0,0,9,129,89,40,0,1,0,1450,40,1356,54,0,12,228,62,166,0,0,1,37,11,26,0,5,0,1344,79,1265,0
2020-08-30,2,114,3773,1863,1888,22,0,6,297,90,204,3,0,30,7043,96,6756,191,1,12,704,287,414,3,0,2,365,127,236,2,0,6,249,81,166,2,0,3,84,20,63,1,0,1,66,14,52,0,3,77,3181,1283,1858,40,0,2,186,102,81,3,0,5,127,43,83,1,3,5,323,117,205,1,0,0,86,45,41,0,0,8,137,95,42,0,0,3,1453,43,1356,54,0,7,235,69,166,0,0,2,39,13,26,0,7,0,1351,85,1266,0
2020-08-31,3,91,3867,1945,1899,23,0,4,301,87,211,3,0,4,7047,99,6757,191,1,13,718,301,414,3,0,9,374,135,237,2,1,6,256,87,167,2,0,5,89,25,63,1,0,1,67,15,52,0,0,79,3260,1314,1906,40,0,3,189,105,81,3,1,0,128,44,83,1,0,9,332,126,205,1,0,1,87,46,41,0,0,5,142,100,42,0,0,2,1455,45,1356,54,0,1,236,70,166,0,1,5,45,19,26,0,3,0,1354,87,1267,0
2020-09-01,1,93,3961,1937,2001,23,0,3,304,82,219,3,1,1,7049,99,6759,191,0,22,740,323,414,3,0,4,378,139,237,2,0,8,264,91,171,2,0,6,95,31,63,1,0,0,67,15,52,0,3,60,3323,1293,1990,40,0,4,193,102,88,3,0,1,129,45,83,1,0,7,339,124,214,1,0,0,87,46,41,0,0,4,146,104,42,0,4,5,1464,53,1357,54,0,3,239,68,171,0,0,1,46,20,26,0,4,0,1358,88,1270,0
2020-09-02,3,98,4062,1990,2048,24,0,7,311,89,219,3,0,13,7062,108,6763,191,1,10,751,321,427,3,0,10,388,142,244,2,0,14,278,98,178,2,0,5,100,36,63,1,0,0,67,15,52,0,5,79,3407,1314,2052,41,0,2,195,100,92,3,0,1,130,44,85,1,0,7,346,130,215,1,0,0,87,41,46,0,0,3,149,106,43,0,1,3,1468,55,1359,54,1,0,240,67,173,0,0,1,47,20,27,0,3,0,1361,91,1270,0
2020-09-03,0,69,4131,1996,2111,24,0,4,315,92,219,4,1,2,7065,108,6766,191,1,15,767,328,436,3,0,6,394,135,257,2,0,4,282,99,180,3,1,7,108,41,66,1,0,0,67,15,52,0,0,64,3471,1312,2117,42,0,4,199,100,96,3,0,1,131,43,87,1,0,7,353,135,217,1,0,0,87,39,48,0,1,5,155,112,43,0,0,0,1468,54,1360,54,0,0,240,64,176,0,0,0,47,20,27,0,3,0,1364,93,1271,0
2020-09-04,0,68,4201,2001,2176,24,1,3,319,96,219,4,0,7,7072,112,6769,191,0,5,770,319,448,3,1,10,405,135,268,2,1,3,286,93,190,3,0,3,111,43,67,1,0,0,67,12,55,0,1,55,3527,1273,2210,44,0,3,202,79,120,3,0,4,135,47,87,1,1,20,374,148,225,1,0,0,87,37,50,0,0,1,156,111,45,0,0,4,1472,54,1364,54,0,3,243,62,181,0,0,0,47,20,27,0,4,0,1368,86,1282,0
2020-09-05,0,51,4251,2006,2220,25,0,10,329,89,236,4,0,5,7077,103,6783,191,0,14,784,303,478,3,0,8,413,140,271,2,0,2,288,88,197,3,0,1,112,44,67,1,0,0,67,9,58,0,3,47,3578,1256,2277,45,0,3,205,75,127,3,2,2,139,44,94,1,0,4,378,147,230,1,0,2,89,36,53,0,0,0,156,109,47,0,1,0,1473,45,1374,54,0,8,251,63,188,0,0,1,48,21,27,0,4,0,1372,90,1282,0
2020-09-06,0,63,4314,2063,2225,26,0,2,331,84,243,4,1,4,7082,106,6785,191,3,9,796,301,492,3,0,7,420,144,274,2,0,5,293,93,197,3,0,1,113,43,69,1,0,0,67,9,58,0,2,45,3625,1221,2359,45,0,5,210,74,133,3,0,2,141,41,99,1,0,2,380,147,232,1,0,1,90,37,53,0,3,0,159,112,47,0,0,2,1475,45,1376,54,2,4,257,63,194,0,0,0,48,21,27,0,4,0,1376,93,1283,0
2020-09-07,1,47,4362,2068,2266,28,0,9,340,92,244,4,1,1,7084,103,6790,191,0,1,797,289,505,3,2,7,429,146,281,2,0,5,298,85,210,3,0,3,116,46,69,1,0,0,67,9,58,0,1,30,3656,1196,2415,45,0,0,210,71,136,3,0,0,141,40,100,1,0,3,383,144,238,1,1,0,91,36,55,0,0,0,159,112,47,0,0,0,1475,42,1379,54,1,2,260,66,194,0,0,0,48,21,27,0,4,0,1380,97,1283,0
2020-09-08,0,67,4429,1960,2437,32,0,1,341,89,248,4,2,0,7086,91,6804,191,0,2,799,269,527,3,1,12,442,152,288,2,0,4,302,84,215,3,0,3,119,48,70,1,0,1,68,8,60,0,2,29,3687,1144,2497,46,0,0,210,62,145,3,0,1,142,38,103,1,0,0,383,140,242,1,3,0,94,35,59,0,1,0,160,113,47,0,3,0,1478,42,1382,54,0,0,260,62,198,0,0,0,48,21,27,0,4,0,1384,97,1287,0
2020-09-09,1,48,4478,1803,2643,32,0,2,343,79,260,4,0,2,7088,93,6804,191,0,1,800,268,529,3,0,17,459,160,297,2,0,8,310,89,218,3,0,4,123,49,73,1,0,2,70,10,60,0,4,51,3742,1080,2613,49,0,0,210,53,154,3,0,1,143,39,103,1,3,5,391,138,252,1,0,1,95,30,65,0,0,1,161,113,48,0,0,0,1478,39,1385,54,0,1,261,59,202,0,0,0,48,21,27,0,4,0,1388,98,1290,0
2020-09-10,2,46,4526,1732,2762,32,0,1,344,74,266,4,0,1,7089,78,6820,191,0,5,805,225,577,3,0,5,464,159,303,2,0,11,321,89,229,3,0,4,127,51,75,1,0,0,70,9,61,0,3,47,3792,1040,2701,51,1,1,212,51,158,3,1,2,146,37,108,1,0,12,403,138,264,1,0,1,96,28,68,0,1,1,163,113,50,0,1,2,1481,41,1386,54,0,1,262,54,208,0,1,1,50,21,29,0,4,0,1392,97,1295,0
2020-09-11,2,61,4589,1718,2837,34,0,3,347,72,271,4,0,1,7090,76,6823,191,0,8,813,200,610,3,1,7,472,149,321,2,1,10,332,96,233,3,1,4,132,52,79,1,0,0,70,8,62,0,0,47,3839,1010,2776,53,0,0,212,44,165,3,0,1,147,37,109,1,0,14,417,142,274,1,0,0,96,28,68,0,0,2,165,111,54,0,0,2,1483,41,1388,54,0,0,262,54,208,0,1,1,52,22,30,0,9,0,1401,93,1308,0
2020-09-12,0,50,4639,1533,3071,35,0,4,351,67,280,4,1,3,7094,69,6834,191,0,8,821,190,628,3,0,3,475,150,322,3,0,7,339,95,241,3,0,1,133,51,81,1,0,0,70,8,62,0,4,28,3871,950,2866,55,0,3,215,43,169,3,0,0,147,36,110,1,0,6,423,146,275,2,1,0,97,28,69,0,1,0,166,108,58,0,0,2,1485,40,1391,54,1,2,265,38,227,0,0,1,53,20,33,0,10,0,1411,99,1312,0
2020-09-13,1,30,4670,1520,3112,38,0,3,354,63,287,4,0,14,7108,83,6834,191,0,3,824,185,636,3,1,2,478,127,348,3,0,2,341,94,244,3,3,4,140,54,85,1,0,0,70,8,62,0,5,27,3903,897,2951,55,0,1,216,40,173,3,0,0,147,33,113,1,2,9,434,145,287,2,2,0,99,30,69,0,0,0,166,108,58,0,0,2,1487,40,1393,54,1,2,268,41,227,0,0,0,53,18,35,0,7,0,1418,106,1312,0
2020-09-14,0,41,4711,1395,3276,40,0,3,357,63,290,4,3,1,7112,78,6843,191,0,10,834,193,636,5,0,3,481,130,348,3,0,1,342,84,255,3,0,1,141,53,87,1,0,0,70,8,62,0,0,30,3933,872,3005,56,0,0,216,38,175,3,0,0,147,32,114,1,1,7,442,144,296,2,1,0,100,31,69,0,0,0,166,108,58,0,1,0,1488,40,1394,54,0,1,269,36,233,0,0,0,53,18,35,0,5,0,1423,110,1313,0
2020-09-15,0,32,4743,1208,3493,42,0,4,361,62,295,4,0,0,7112,75,6845,192,1,8,843,187,650,6,0,1,482,118,361,3,1,2,345,85,257,3,0,0,141,43,97,1,0,0,70,8,62,0,8,31,3972,822,3094,56,0,1,217,38,176,3,0,2,149,32,116,1,0,3,445,147,296,2,0,1,101,29,72,0,0,0,166,92,74,0,0,1,1489,38,1397,54,0,2,271,34,237,0,0,3,56,16,40,0,5,0,1428,112,1316,0
2020-09-16,2,49,4794,1058,3694,42,0,4,365,63,298,4,0,4,7116,76,6848,192,1,8,852,134,712,6,0,2,484,108,373,3,0,1,346,77,266,3,0,0,141,38,102,1,0,0,70,7,63,0,2,24,3998,768,3174,56,0,0,217,34,180,3,0,2,151,33,117,1,0,2,447,129,316,2,0,5,106,30,76,0,0,0,166,84,82,0,0,2,1491,33,1404,54,1,2,274,35,239,0,0,0,56,12,44,0,2,0,1430,108,1322,0
2020-09-17,1,62,4857,1066,3748,43,0,2,367,57,306,4,0,2,7118,74,6852,192,0,7,859,119,733,7,0,1,485,96,386,3,1,1,348,66,279,3,0,0,141,35,105,1,0,0,70,7,63,0,2,52,4052,743,3251,58,0,0,217,31,183,3,0,0,151,27,123,1,1,9,457,131,324,2,0,0,106,28,78,0,1,0,167,74,93,0,0,6,1497,37,1405,55,0,3,277,36,241,0,0,0,56,11,45,0,2,0,1432,104,1328,0
2020-09-18,0,46,4904,1017,3841,46,1,1,369,54,311,4,0,2,7120,69,6859,192,2,4,865,119,738,8,0,0,485,82,400,3,1,2,350,60,287,3,0,0,141,32,108,1,0,0,70,6,64,0,5,32,4089,734,3296,59,0,0,217,26,188,3,0,3,154,27,126,1,3,3,463,126,335,2,1,7,114,35,79,0,0,0,167,67,100,0,0,5,1502,40,1407,55,1,3,281,35,246,0,1,1,58,13,45,0,2,0,1434,93,1341,0
2020-09-19,2,38,4944,1010,3888,46,0,2,371,51,316,4,0,2,7122,63,6867,192,0,11,876,111,757,8,0,0,485,70,412,3,0,2,352,59,290,3,0,0,141,31,108,2,0,0,70,6,64,0,0,41,4130,716,3355,59,0,0,217,22,192,3,0,1,155,23,131,1,0,4,467,126,339,2,0,1,115,30,85,0,0,0,167,57,110,0,0,4,1506,41,1410,55,1,0,282,32,250,0,0,0,58,13,45,0,1,0,1435,84,1351,0
2020-09-20,0,28,4972,964,3961,47,0,6,377,53,320,4,0,2,7124,59,6872,193,0,3,879,110,761,8,0,0,485,60,422,3,1,1,354,60,291,3,0,1,142,24,116,2,0,0,70,6,64,0,2,24,4156,678,3416,62,0,0,217,20,194,3,0,1,156,22,133,1,0,1,468,120,346,2,0,0,115,28,87,0,0,0,167,52,115,0,1,4,1511,46,1410,55,0,1,283,31,252,0,0,0,58,13,45,0,6,0,1441,88,1353,0
2020-09-21,2,21,4995,962,3985,48,0,8,385,57,324,4,1,0,7125,59,6873,193,1,1,881,109,764,8,1,0,486,60,423,3,0,2,356,62,291,3,0,0,142,23,117,2,0,0,70,6,64,0,0,18,4174,654,3457,63,0,0,217,19,195,3,0,2,158,21,136,1,0,0,468,118,348,2,0,0,115,27,88,0,0,0,167,49,118,0,0,1,1512,46,1411,55,0,2,285,31,254,0,0,0,58,13,45,0,10,0,1451,96,1355,0
2020-09-22,1,20,5016,933,4034,49,0,5,390,61,325,4,0,0,7125,58,6874,193,0,2,883,107,768,8,0,0,486,51,432,3,0,0,356,55,298,3,0,1,143,17,124,2,1,0,71,7,64,0,6,14,4194,578,3551,65,0,2,219,21,195,3,0,2,160,22,137,1,0,0,468,113,353,2,0,0,115,26,89,0,0,0,167,47,120,0,0,4,1516,41,1420,55,0,1,286,31,255,0,0,0,58,13,45,0,2,0,1453,96,1357,0
2020-09-23,0,40,5056,897,4110,49,1,6,397,66,327,4,0,3,7128,50,6885,193,0,5,888,108,772,8,0,2,488,44,441,3,0,0,356,51,302,3,0,2,145,16,127,2,0,0,71,6,65,0,2,28,4224,546,3613,65,0,1,220,14,203,3,0,2,162,24,137,1,1,4,473,113,358,2,1,0,116,25,91,0,0,0,167,38,129,0,0,6,1522,47,1420,55,0,0,286,29,257,0,0,0,58,11,47,0,6,0,1459,93,1366,0
2020-09-24,0,39,5095,872,4173,50,0,7,404,68,332,4,0,1,7129,48,6888,193,0,10,898,114,776,8,0,0,488,34,451,3,0,1,357,45,309,3,0,0,145,12,131,2,3,0,74,9,65,0,5,43,4272,537,3667,68,0,2,222,15,204,3,1,1,164,24,139,1,0,1,474,102,369,3,0,1,117,25,92,0,1,0,168,34,134,0,0,2,1524,46,1423,55,0,1,287,28,259,0,0,1,59,10,49,0,5,0,1464,93,1371,0
2020-09-25,1,56,5152,872,4228,52,1,2,407,68,335,4,0,0,7129,37,6899,193,2,1,901,108,785,8,2,0,490,24,463,3,0,0,357,44,310,3,0,0,145,11,132,2,1,0,75,10,65,0,1,26,4299,531,3700,68,0,1,223,14,206,3,2,1,167,26,140,1,1,0,475,93,379,3,0,3,120,27,93,0,0,0,168,33,135,0,2,4,1530,50,1425,55,0,1,288,27,261,0,0,0,59,9,50,0,6,0,1470,98,1372,0
2020-09-26,25,1,5178,809,4316,53,2,0,409,63,342,4,1,0,7130,27,6909,194,1,0,902,102,792,8,0,0,490,18,469,3,0,1,358,45,310,3,0,0,145,11,132,2,0,0,75,10,65,0,13,1,4313,496,3748,69,0,0,223,12,208,3,0,0,167,25,141,1,0,0,475,86,385,4,3,0,123,30,93,0,0,0,168,28,140,0,3,0,1533,52,1426,55,1,0,289,24,265,0,0,0,59,7,52,0,0,9,1479,106,1373,0
2020-09-27,1,33,5212,833,4326,53,0,3,412,61,347,4,0,0,7130,24,6912,194,0,9,911,108,795,8,2,0,492,16,473,3,0,0,358,42,313,3,0,0,145,9,134,2,1,0,76,9,67,0,3,18,4334,489,3775,70,0,0,223,12,208,3,0,2,169,27,141,1,1,1,477,80,393,4,1,1,125,32,93,0,1,0,169,19,149,1,0,6,1539,57,1427,55,1,0,290,24,266,0,0,0,59,7,52,0,11,0,1490,113,1377,0
2020-09-28,0,19,5231,847,4330,54,0,1,413,62,347,4,0,0,7130,24,6912,194,0,1,912,106,798,8,0,0,492,16,473,3,0,0,358,38,316,4,0,1,146,10,134,2,0,0,76,9,67,0,1,13,4348,478,3798,72,0,1,224,12,209,3,0,1,170,27,142,1,0,0,477,72,400,5,0,0,125,30,95,0,0,0,169,20,148,1,1,3,1543,61,1427,55,1,0,291,25,266,0,0,0,59,7,52,0,7,0,1497,119,1378,0
2020-09-29,0,11,5242,787,4401,54,0,3,416,61,351,4,0,0,7130,22,6914,194,0,0,912,91,813,8,0,0,492,15,474,3,0,0,358,36,318,4,0,0,146,9,135,2,0,0,76,9,67,0,4,6,4358,430,3855,73,0,0,224,9,212,3,0,1,171,27,143,1,2,0,479,70,404,5,0,0,125,29,96,0,0,0,169,19,149,1,0,2,1545,58,1432,55,0,0,291,22,269,0,0,0,59,4,55,0,9,0,1506,124,1382,0
2020-09-30,0,51,5293,822,4415,56,0,5,421,66,351,4,1,1,7132,22,6916,194,0,4,916,86,822,8,0,3,495,16,476,3,2,0,360,34,322,4,0,1,147,8,137,2,0,0,76,9,67,0,5,21,4384,412,3898,74,0,0,224,9,212,3,0,0,171,26,144,1,4,1,484,61,417,6,1,2,128,22,106,0,0,0,169,14,153,2,2,4,1551,54,1441,56,0,0,291,18,273,0,0,0,59,4,55,0,5,0,1511,126,1385,0
2020-10-01,0,30,5323,833,4433,57,0,6,427,62,361,4,0,1,7133,21,6917,195,0,3,919,86,825,8,0,0,495,15,477,3,0,0,360,30,326,4,0,0,147,8,137,2,0,0,76,9,67,0,4,17,4405,410,3921,74,0,0,224,9,212,3,0,1,172,27,144,1,0,3,487,59,422,6,0,0,128,21,107,0,0,1,170,13,155,2,0,5,1556,55,1445,56,0,0,291,15,276,0,0,0,59,4,55,0,6,0,1517,131,1386,0
2020-10-02,2,9,5334,832,4445,57,2,16,445,79,362,4,0,0,7133,21,6917,195,0,4,923,88,827,8,0,0,495,14,478,3,0,0,360,23,333,4,0,0,147,8,137,2,0,0,76,8,68,0,0,19,4424,401,3948,75,0,0,224,9,212,3,0,0,172,27,144,1,0,1,488,57,425,6,0,0,128,17,111,0,0,0,170,12,156,2,0,4,1560,56,1448,56,0,0,291,13,278,0,0,0,59,4,55,0,6,0,1523,134,1389,0
2020-10-03,25,1,5360,845,4456,59,8,0,453,83,366,4,0,0,7133,21,6917,195,7,0,930,92,830,8,0,0,495,14,478,3,1,1,362,25,333,4,0,0,147,6,139,2,0,0,76,8,68,0,8,2,4434,381,3976,77,0,0,224,9,212,3,0,1,173,28,144,1,1,0,489,55,428,6,0,1,129,18,111,0,0,3,173,15,156,2,2,0,1562,57,1449,56,0,0,291,12,279,0,0,0,59,3,56,0,0,14,1537,148,1389,0
2020-10-04,0,16,5376,850,4466,60,0,5,458,80,374,4,2,0,7135,22,6918,195,1,5,936,97,831,8,1,0,496,12,481,3,0,2,364,27,333,4,0,1,148,6,140,2,0,0,76,8,68,0,2,14,4450,369,4004,77,0,0,224,9,212,3,1,1,175,30,144,1,0,0,489,55,428,6,0,0,129,17,112,0,0,0,173,15,156,2,1,3,1566,58,1452,56,0,0,291,10,281,0,0,0,59,3,56,0,9,0,1546,157,1389,0
2020-10-05,0,19,5395,859,4475,61,0,5,463,84,375,4,1,0,7136,21,6920,195,0,5,941,97,836,8,0,0,496,12,481,3,0,1,365,27,334,4,0,4,152,10,140,2,1,0,77,9,68,0,2,25,4477,379,4021,77,0,0,224,9,212,3,1,0,176,31,144,1,0,2,491,54,431,6,1,2,132,20,112,0,0,0,173,15,156,2,0,1,1567,58,1453,56,1,0,292,11,281,0,0,0,59,3,56,0,2,0,1548,157,1391,0
2020-10-06,2,13,5410,765,4584,61,0,3,466,84,378,4,0,0,7136,21,6920,195,0,4,945,89,848,8,0,0,496,8,485,3,1,2,368,27,337,4,0,1,153,11,140,2,0,0,77,8,69,0,1,34,4512,377,4058,77,0,0,224,7,214,3,0,0,176,29,146,1,0,0,491,50,435,6,0,9,141,29,112,0,0,0,173,14,157,2,0,0,1567,52,1459,56,0,0,292,10,282,0,0,0,59,1,58,0,5,0,1553,152,1401,0
2020-10-07,4,29,5443,646,4736,61,0,2,468,73,391,4,0,1,7137,20,6921,196,1,5,951,85,858,8,0,0,496,6,487,3,0,2,370,21,345,4,1,0,154,12,140,2,1,0,78,6,72,0,4,49,4565,388,4098,79,0,0,224,5,216,3,0,0,176,24,151,1,0,0,491,45,440,6,2,6,149,35,114,0,0,0,173,14,157,2,0,0,1567,50,1461,56,0,0,292,9,283,0,0,0,59,0,59,0,7,0,1560,155,1405,0
2020-10-08,1,19,5463,592,4809,62,0,5,473,77,392,4,0,0,7137,15,6926,196,0,5,956,86,862,8,0,0,496,4,489,3,0,7,377,26,347,4,0,0,154,11,141,2,0,0,78,6,72,0,2,22,4589,384,4125,80,0,0,224,4,217,3,1,0,177,22,154,1,0,0,491,39,446,6,0,0,149,35,114,0,0,0,173,13,158,2,0,1,1568,48,1464,56,2,1,295,12,283,0,0,0,59,0,59,0,3,0,1563,158,1405,0
2020-10-09,5,17,5485,577,4846,62,0,5,478,80,394,4,1,0,7138,15,6927,196,0,0,956,75,873,8,0,0,496,4,489,3,0,5,382,27,350,5,0,0,154,8,144,2,0,0,78,5,73,0,3,9,4601,361,4160,80,0,0,224,3,218,3,0,1,178,23,154,1,0,0,491,39,446,6,0,0,149,34,115,0,0,1,174,9,163,2,0,0,1568,46,1466,56,1,0,296,11,285,0,0,0,59,0,59,0,6,0,1569,162,1407,0
2020-10-10,2,23,5510,600,4847,63,0,3,481,78,399,4,1,0,7139,14,6929,196,0,8,964,77,879,8,0,0,496,3,490,3,0,1,383,27,351,5,0,0,154,8,144,2,0,0,78,5,73,0,0,24,4625,361,4183,81,0,0,224,3,218,3,0,0,178,23,154,1,2,1,494,40,448,6,0,0,149,32,117,0,1,1,176,8,166,2,0,0,1568,44,1468,56,0,0,296,10,286,0,0,0,59,0,59,0,5,0,1574,161,1413,0
2020-10-11,4,19,5533,591,4878,64,0,3,484,81,399,4,1,0,7140,13,6931,196,0,1,965,75,882,8,0,0,496,3,490,3,0,2,385,29,351,5,1,0,155,9,144,2,0,0,78,5,73,0,3,18,4646,362,4202,82,0,2,226,4,219,3,0,0,178,23,154,1,0,1,495,34,455,6,0,0,149,31,118,0,0,0,176,8,166,2,0,0,1568,42,1470,56,0,0,296,10,286,0,0,0,59,0,59,0,3,0,1577,161,1416,0
2020-10-12,2,29,5564,606,4894,64,1,3,488,84,400,4,0,0,7140,13,6931,196,0,3,968,77,883,8,0,1,497,2,492,3,0,13,398,42,351,5,0,0,155,9,144,2,0,0,78,4,74,0,13,16,4675,379,4213,83,0,1,227,5,219,3,0,0,178,23,154,1,2,0,497,36,455,6,1,1,151,32,119,0,0,0,176,8,166,2,1,0,1569,42,1471,56,0,1,297,11,286,0,0,0,59,0,59,0,9,0,1586,168,1418,0
2020-10-13,2,18,5584,554,4965,65,0,1,489,79,406,4,1,0,7141,12,6933,196,0,0,968,73,887,8,1,1,499,3,493,3,1,9,408,51,352,5,0,0,155,9,144,2,0,0,78,4,74,0,6,32,4713,382,4248,83,0,4,231,9,219,3,0,1,179,22,156,1,0,2,499,38,455,6,0,1,152,33,119,0,0,0,176,8,166,2,1,0,1570,33,1481,56,0,0,297,11,286,0,0,0,59,0,59,0,21,0,1607,187,1420,0
2020-10-14,0,23,5607,491,5050,66,0,2,491,64,423,4,0,0,7141,12,6933,196,0,8,976,67,901,8,0,0,499,3,493,3,0,4,412,53,354,5,1,0,156,10,144,2,0,0,78,4,74,0,16,15,4744,381,4277,86,0,0,231,8,220,3,0,0,179,21,157,1,0,1,500,36,458,6,0,0,152,29,123,0,0,0,176,8,166,2,0,0,1570,24,1490,56,0,0,297,11,286,0,0,0,59,0,59,0,14,0,1621,199,1422,0
2020-10-15,3,22,5632,511,5055,66,1,54,546,113,428,5,0,0,7141,11,6934,196,0,11,987,75,904,8,0,0,499,3,493,3,0,1,413,54,354,5,0,0,156,9,145,2,0,0,78,4,74,0,2,6,4752,367,4299,86,0,1,232,9,220,3,1,0,180,22,157,1,0,0,500,30,464,6,1,0,153,30,123,0,0,0,176,8,166,2,1,0,1571,18,1497,56,0,0,297,11,286,0,0,0,59,0,59,0,6,0,1616,192,1424,0
2020-10-16,1,17,5650,492,5091,67,0,0,546,103,437,6,0,0,7141,10,6935,196,0,4,991,75,908,8,0,0,499,3,493,3,0,2,415,56,354,5,0,0,156,8,146,2,0,0,78,4,74,0,2,15,4769,356,4327,86,0,0,232,9,220,3,0,0,180,20,159,1,0,1,501,29,466,6,0,2,155,28,127,0,0,0,176,8,166,2,0,0,1571,11,1504,56,0,0,297,10,287,0,0,0,59,0,59,0,3,0,1619,192,1427,0
2020-10-17,1,17,5668,481,5119,68,0,6,552,101,445,6,1,0,7142,10,6936,196,1,1,993,73,912,8,1,0,500,4,493,3,0,0,415,53,357,5,0,0,156,7,147,2,0,0,78,3,75,0,0,32,4801,367,4348,86,0,3,235,12,220,3,0,0,180,19,160,1,0,2,503,28,468,7,0,0,155,27,128,0,1,0,177,9,166,2,0,0,1571,10,1505,56,1,1,299,12,287,0,0,0,59,0,59,0,5,0,1624,191,1433,0
2020-10-18,2,18,5688,487,5132,69,2,2,556,101,449,6,0,0,7142,9,6937,196,0,1,994,70,916,8,0,0,500,4,493,3,0,1,416,52,359,5,0,0,156,6,148,2,0,0,78,3,75,0,2,48,4851,396,4369,86,1,1,237,14,220,3,0,0,180,19,160,1,0,0,503,24,472,7,0,0,155,27,128,0,0,0,177,8,167,2,0,0,1571,9,1506,56,0,0,299,11,288,0,0,0,59,0,59,0,13,0,1637,203,1434,0
2020-10-19,3,11,5702,472,5161,69,1,14,571,116,449,6,0,0,7142,8,6938,196,1,4,999,71,920,8,1,1,502,6,493,3,0,2,418,52,361,5,0,0,156,5,149,2,0,0,78,3,75,0,3,15,4869,398,4385,86,0,1,238,15,220,3,1,0,181,19,161,1,0,2,505,25,473,7,1,0,156,27,129,0,0,0,177,8,167,2,2,0,1573,11,1506,56,1,0,300,12,288,0,0,0,59,0,59,0,12,0,1649,215,1434,0
2020-10-20,0,11,5713,427,5217,69,1,1,573,118,449,6,0,0,7142,6,6940,196,0,3,1002,68,925,9,0,0,502,6,493,3,0,1,419,48,366,5,0,0,156,4,150,2,0,0,78,3,75,0,6,22,4897,405,4405,87,1,2,241,18,220,3,2,0,183,20,161,2,1,1,507,24,476,7,0,0,156,24,132,0,0,0,177,8,167,2,2,0,1575,12,1507,56,1,0,301,11,290,0,0,0,59,0,59,0,3,0,1652,218,1434,0
2020-10-21,4,13,5730,391,5268,71,0,10,583,117,460,6,0,0,7142,5,6941,196,0,6,1008,70,929,9,1,0,503,7,493,3,0,4,423,51,367,5,0,1,157,3,152,2,0,0,78,2,76,0,3,21,4921,394,4439,88,2,0,243,20,220,3,1,0,184,20,162,2,0,0,507,21,479,7,0,0,156,22,134,0,1,0,178,8,168,2,0,2,1577,14,1507,56,0,0,301,9,292,0,0,0,59,0,59,0,22,0,1674,236,1438,0
2020-10-22,0,18,5748,391,5283,74,0,5,588,118,464,6,0,2,7144,7,6941,196,2,2,1012,66,937,9,0,0,503,6,494,3,0,0,423,45,373,5,0,0,157,3,152,2,0,0,78,1,77,0,5,62,4988,439,4461,88,0,2,245,22,220,3,0,0,184,18,164,2,0,11,518,30,481,7,0,2,158,24,134,0,0,0,178,8,168,2,1,0,1578,14,1508,56,0,0,301,9,292,0,0,0,59,0,59,0,9,0,1681,242,1439,0
2020-10-23,1,19,5768,390,5304,74,0,0,588,114,467,7,0,5,7149,12,6941,196,1,4,1017,68,940,9,2,4,509,12,494,3,0,0,423,41,377,5,0,0,157,3,152,2,0,0,78,1,77,0,5,98,5091,513,4490,88,0,1,246,23,220,3,0,0,184,17,165,2,0,4,522,33,482,7,0,2,160,22,138,0,0,1,179,8,169,2,0,0,1578,13,1508,57,0,0,301,7,294,0,0,0,59,0,59,0,8,0,1689,249,1440,0
2020-10-24,0,22,5790,366,5350,74,0,0,588,111,470,7,0,0,7149,11,6942,196,0,2,1019,65,945,9,0,0,509,11,495,3,0,5,428,43,380,5,0,0,157,3,152,2,0,0,78,0,78,0,3,32,5126,503,4534,89,0,0,246,22,221,3,0,0,184,15,167,2,0,5,527,36,483,8,0,0,160,21,139,0,2,0,181,10,169,2,0,0,1578,12,1509,57,0,0,301,7,294,0,0,0,59,0,59,0,6,0,1695,248,1447,0
2020-10-25,0,17,5807,383,5350,74,0,1,589,107,475,7,1,0,7150,12,6942,196,0,0,1019,60,950,9,0,0,509,11,495,3,0,1,429,41,383,5,0,1,158,4,152,2,0,0,78,0,78,0,0,27,5153,514,4550,89,0,0,246,19,224,3,0,0,184,14,168,2,0,2,529,38,483,8,0,0,160,21,139,0,0,0,181,10,169,2,0,0,1578,11,1510,57,1,1,303,9,294,0,0,0,59,0,59,0,9,0,1704,256,1448,0
2020-10-26,0,20,5827,385,5368,74,0,0,589,107,475,7,0,0,7150,12,6942,196,0,3,1022,60,953,9,0,0,509,11,495,3,0,1,430,40,385,5,1,0,159,5,152,2,1,0,79,1,78,0,2,65,5220,568,4563,89,0,0,246,19,224,3,1,1,186,16,168,2,0,1,530,39,483,8,0,0,160,21,139,0,0,0,181,10,169,2,3,0,1581,14,1510,57,0,3,306,12,294,0,0,0,59,0,59,0,17,0,1721,273,1448,0
2020-10-27,0,24,5851,381,5394,76,1,0,590,105,478,7,0,0,7150,12,6942,196,0,2,1024,59,956,9,0,0,509,9,497,3,0,5,435,39,390,6,0,0,159,4,153,2,0,0,79,1,78,0,8,27,5255,582,4584,89,0,6,252,21,228,3,0,1,187,17,168,2,1,0,531,39,484,8,0,0,160,20,140,0,1,2,184,13,169,2,0,0,1581,13,1511,57,0,5,311,17,294,0,0,0,59,0,59,0,5,0,1726,270,1456,0
2020-10-28,2,23,5876,365,5434,77,0,0,590,100,483,7,0,2,7152,14,6942,196,0,10,1034,66,959,9,0,0,509,8,498,3,0,7,442,36,400,6,0,0,159,4,153,2,0,0,79,1,78,0,3,28,5286,590,4607,89,0,14,266,35,228,3,0,0,187,16,169,2,0,1,532,40,484,8,0,3,163,20,143,0,0,0,184,8,174,2,0,5,1586,18,1511,57,0,3,314,19,295,0,0,0,59,0,59,0,2,0,1728,272,1456,0
